Workbook

Sheet Rekapitulace
A1: Název | B1: Hodnota A | C1: Hodnota B
A2: Základní náklady
A3: Dodávka | B3: =0 -> 0
A4: Doprava 0,00%, Přesun 1,00% | B4: =B3 * Parametry!B16 / 100 -> 0 | C4: =B3 * Parametry!B17 / 100 -> 0
A5: Montáž - materiál | C5: =(Rozpočet!F105) + 0 -> 266093.72
A6: Montáž - práce | C6: =0 + (Rozpočet!H105) + 0 -> 168013
A7: Mezisoučet 1 | B7: =B3 + B4 -> 0 | C7: =C3 + C4 + C5 + C6 -> 434106.72
A8: PPV 1,00% z montáže: materiál + práce | C8: =(C5 + C6) * Parametry!B18 / 100 -> 4341.0672
A9: Nátěry | C9: =0 + 0 -> 0
A10: Zemní práce | C10: =(Rozpočet!F145) + (Rozpočet!H145) -> 39349.482
A11: PPV 0,00% z nátěrů a zemních prací | C11: =(C9 + C10) * Parametry!B19 / 100 -> 0
A12: Mezisoučet 2 | B12: =B7 -> 0 | C12: =C7 + C8 + C9 + C10 + C11 -> 477797.27
A13: Dodav. dokumentace 0,00% z mezisoučtu 2 | C13: =(B12 + C12) * Parametry!B20 / 100 -> 0
A14: Rizika a pojištění 0,00% z mezisoučtu 2 | C14: =(B12 + C12) * Parametry!B21 / 100 -> 0
A15: Opravy v záruce 0,00% z mezisoučtu 1 | C15: =(B7 + C7) * Parametry!B22 / 100 -> 0
A16: Základní náklady celkem | C16: =B12 + C12 + C13 + C14 + C15 -> 477797.27
A18: Vedlejší náklady
A19: GZS 3,25% z pravé strany mezisoučtu 2 | C19: =C12 * Parametry!B23 / 100 -> 15528.411
A20: Provozní vlivy 0,00% z pravé strany mezisoučtu 2 | C20: =C12 * Parametry!B24 / 100 -> 0
A21: Vedlejší náklady celkem | C21: =C19 + C20 -> 15528.411
A22: Kompletační činnost | C22: =Parametry!B25 * Parametry!B28 * (C16 * Parametry!B27)^Parametry!B26 -> 0
A24: Náklady celkem bez DPH | C24: =C16 + C21 + C22 -> 493325.68
A26: Součty odstavců | B26: Materiál | C26: Montáž
A27: Elektromontáže | B27: =(Rozpočet!F105) -> 266093.72 | C27: =(Rozpočet!H105) -> 168013
A28: D.2.5.1 - SO31 Areálové rozvody NN a VO | B28: =(Rozpočet!F102) -> 255859.35 | C28: =(Rozpočet!H102) -> 168013
A29: Svítidla | B29: =(Rozpočet!F12) -> 0 | C29: =(Rozpočet!H12) -> 2100
A30: Sloupy VO | B30: =(Rozpočet!F23) -> 38668.251 | C30: =(Rozpočet!H23) -> 14250
A31: Kabely | B31: =(Rozpočet!F35) -> 163993.89 | C31: =(Rozpočet!H35) -> 44640
A32: Kabelové trasy, nosné konstrukce | B32: =(Rozpočet!F43) -> 8575.9488 | C32: =(Rozpočet!H43) -> 7500
A33: Ukončení vodičů | B33: =(Rozpočet!F60) -> 929.78716 | C33: =(Rozpočet!H60) -> 10248
A34: Uzemnění | B34: =(Rozpočet!F80) -> 36414.974 | C34: =(Rozpočet!H80) -> 72275
A35: Ostatní | B35: =(Rozpočet!F93) -> 7276.5 | C35: =(Rozpočet!H93) -> 11700
A36: Revize | B36: =(Rozpočet!F100) -> 0 | C36: =(Rozpočet!H100) -> 5300
A37: Zemní práce | B37: =(Rozpočet!F145) -> 18536.182 | C37: =(Rozpočet!H145) -> 20813.3

Sheet Rozpočet
B1: Název | C1: Mj | D1: Počet | E1: Materiál | F1: Materiál celkem | G1: Montáž | H1: Montáž celkem | I1: Cena | J1: Cena celkem | M1: =Parametry!B33/100*F9+Parametry!B33/100*F10+Parametry!B33/100*F17+Parametry!B33/100*F19+Parametry!B33/100*F21+Parametry!B33/100*F28+Parametry!B33/100*F30+Parametry!B33/100*F31+Parametry!B33/100*F32+Parametry!B33/100*F33+Parametry!B33/100*F39+Parametry!B33/100*F40+Parametry!B33/100*F41+Parametry!B33/100*F49+Parametry!B33/100*F50+Parametry!B33/100*F51+Parametry!B33/100*F53+Parametry!B33/100*F54+Parametry!B33/100*F55+Parametry!B33/100*F56+Parametry!B33/100*F57+Parametry!B33/100*F58+Parametry!B34/100*F66 -> 10632.649 | O1: 1.155 | T1: =O1 -> 1.155
I2: =E2+G2 -> 0 | J2: =F2+H2 -> 0 | N2: Dodávka "A" | O2: Koeficient | P2: Dodávka "C" | S2: Montáž "A" | T2: Koeficient | U2: Montáž "C"
B3: Elektromontáže
I4: =E4+G4 -> 0 | J4: =F4+H4 -> 0
B5: D.2.5.1 - SO31 Areálové rozvody NN a VO
I6: =E6+G6 -> 0 | J6: =F6+H6 -> 0
B7: Svítidla - jen montáž
I8: =E8+G8 -> 0 | J8: =F8+H8 -> 0
B9: CHA1 (X1) -THOME Lighting s.r.o. MOD0007_280W_840_60° MODY 42000lm 280W IP66 4K 60° | C9: ks | D9: 6 | E9: =SUM(P9) -> 0 | F9: =D9*E9 -> 0 | G9: =SUM(S9) -> 350 | H9: =D9*G9 -> 2100 | I9: =E9+G9 -> 350 | J9: =F9+H9 -> 2100 | O9: =$O$1 -> 1.155 | P9: =SUM(N9*O9) -> 0 | S9: 350 | T9: =$T$1 -> 1.155 | U9: =SUM(S9*T9) -> 404.25 | W9: =SUM(N9*D9) -> 0 | X9: =SUM(S9*D9) -> 2100
B10: SL002 Poplatek za recyklaci svítidla | C10: ks | D10: 6 | E10: =SUM(P10) -> 0 | F10: =D10*E10 -> 0 | G10: =SUM(S10) -> 0 | H10: =D10*G10 -> 0 | I10: =E10+G10 -> 0 | J10: =F10+H10 -> 0 | O10: =$O$1 -> 1.155 | P10: =SUM(N10*O10) -> 0 | T10: =$T$1 -> 1.155 | U10: =SUM(S10*T10) -> 0 | W10: =SUM(N10*D10) -> 0 | X10: =SUM(S10*D10) -> 0
I11: =E11+G11 -> 0 | J11: =F11+H11 -> 0 | W11: =SUM(N11*D11) -> 0 | X11: =SUM(S11*D11) -> 0
B12: Svítidla - celkem | F12: =SUM(F8:F11) -> 0 | H12: =SUM(H8:H11) -> 2100 | J12: =SUM(J8:J11) -> 2100 | W12: =SUM(N12*D12) -> 0 | X12: =SUM(S12*D12) -> 0
I13: =E13+G13 -> 0 | J13: =F13+H13 -> 0 | W13: =SUM(N13*D13) -> 0 | X13: =SUM(S13*D13) -> 0
B14: Sloupy VO | W14: =SUM(N14*D14) -> 0 | X14: =SUM(S14*D14) -> 0
I15: =E15+G15 -> 0 | J15: =F15+H15 -> 0 | W15: =SUM(N15*D15) -> 0 | X15: =SUM(S15*D15) -> 0
B16: OSVĚTLOVACÍ STOŽÁR BEZPATICOVÝ | K16: nově | L16: nová cena | M16: původní | W16: =SUM(N16*D16) -> 0 | X16: =SUM(S16*D16) -> 0
B17: JBUD14 14m, stožár silniční, bezpaticový, s přírubou | C17: ks | D17: 3 | E17: =SUM(P17) -> 10487.862 | F17: =D17*E17 -> 31463.586 | G17: =SUM(S17) -> 3600 | H17: =D17*G17 -> 10800 | I17: =E17+G17 -> 14087.862 | J17: =F17+H17 -> 42263.586 | K17: =SUM(D17*L17) -> 43239 | L17: 14413 | M17: =SUM(N17*D17) -> 27241.2 | N17: =SUM([1]Rozpočet!$U$12) -> 9080.4 | O17: =$O$1 -> 1.155 | P17: =SUM(N17*O17) -> 10487.862 | S17: 3600 | T17: =$T$1 -> 1.155 | U17: =SUM(S17*T17) -> 4158 | W17: =SUM(N17*D17) -> 27241.2 | X17: =SUM(S17*D17) -> 10800
B18: VÝLOŽNÍK | K18: =SUM(D18*L18) -> 0 | M18: =SUM(N18*D18) -> 0 | W18: =SUM(N18*D18) -> 0 | X18: =SUM(S18*D18) -> 0
B19: Držák reflektorů, typ TR2-1500-PL (AMAKO) pro dva reflektory | C19: ks | D19: 3 | E19: =SUM(P19) -> 1994.5695 | F19: =D19*E19 -> 5983.7085 | G19: =SUM(S19) -> 600 | H19: =D19*G19 -> 1800 | I19: =E19+G19 -> 2594.5695 | J19: =F19+H19 -> 7783.7085 | K19: =SUM(D19*L19) -> 8223 | L19: 2741 | M19: =SUM(N19*D19) -> 5180.7 | N19: =SUM([1]Rozpočet!$U$14) -> 1726.9 | O19: =$O$1 -> 1.155 | P19: =SUM(N19*O19) -> 1994.5695 | S19: 600 | T19: =$T$1 -> 1.155 | U19: =SUM(S19*T19) -> 693 | W19: =SUM(N19*D19) -> 5180.7 | X19: =SUM(S19*D19) -> 1800
B20: STOŽÁROVÁ VÝZBROJ | K20: =SUM(D20*L20) -> 0 | M20: =SUM(N20*D20) -> 0 | W20: =SUM(N20*D20) -> 0 | X20: =SUM(S20*D20) -> 0
B21: EKM 2035 2xE27, 2x Svorkovnice 4x16 | C21: ks | D21: 3 | E21: =SUM(P21) -> 406.98553 | F21: =D21*E21 -> 1220.9566 | G21: =SUM(S21) -> 550 | H21: =D21*G21 -> 1650 | I21: =E21+G21 -> 956.98553 | J21: =F21+H21 -> 2870.9566 | K21: =SUM(D21*L21) -> 1057.11 | L21: 352.37 | M21: =SUM(N21*D21) -> 1057.1053 | N21: =SUM([1]Rozpočet!$U$16) -> 352.36842 | O21: =$O$1 -> 1.155 | P21: =SUM(N21*O21) -> 406.98553 | S21: 550 | T21: =$T$1 -> 1.155 | U21: =SUM(S21*T21) -> 635.25 | W21: =SUM(N21*D21) -> 1057.1053 | X21: =SUM(S21*D21) -> 1650
I22: =E22+G22 -> 0 | J22: =F22+H22 -> 0 | W22: =SUM(N22*D22) -> 0 | X22: =SUM(S22*D22) -> 0
B23: Sloupy VO - celkem | F23: =SUM(F15:F22) -> 38668.251 | H23: =SUM(H15:H22) -> 14250 | J23: =SUM(J15:J22) -> 52918.251 | K23: =SUM(K17:K22) -> 52519.11 | M23: =SUM(M17:M22) -> 33479.005 | W23: =SUM(N23*D23) -> 0 | X23: =SUM(S23*D23) -> 0
I24: =E24+G24 -> 0 | J24: =F24+H24 -> 0 | W24: =SUM(N24*D24) -> 0 | X24: =SUM(S24*D24) -> 0
B25: Kabely | W25: =SUM(N25*D25) -> 0 | X25: =SUM(S25*D25) -> 0
I26: =E26+G26 -> 0 | J26: =F26+H26 -> 0 | W26: =SUM(N26*D26) -> 0 | X26: =SUM(S26*D26) -> 0
B27: KABEL SILOVÝ,IZOLACE PVC,1kV | W27: =SUM(N27*D27) -> 0 | X27: =SUM(S27*D27) -> 0
B28: AYKY-J 3x120+70 | C28: m | D28: 400 | E28: =SUM(P28) -> 198.198 | F28: =D28*E28 -> 79279.2 | G28: =SUM(S28) -> 45 | H28: =D28*G28 -> 18000 | I28: =E28+G28 -> 243.198 | J28: =F28+H28 -> 97279.2 | N28: =SUM([2]List1!$E$180) -> 171.6 | O28: =$O$1 -> 1.155 | P28: =SUM(N28*O28) -> 198.198 | S28: 45 | T28: =$T$1 -> 1.155 | U28: =SUM(S28*T28) -> 51.975 | W28: =SUM(N28*D28) -> 68640 | X28: =SUM(S28*D28) -> 18000
B29: KABEL SILOVÝ,IZOLACE PVC | W29: =SUM(N29*D29) -> 0 | X29: =SUM(S29*D29) -> 0
B30: CYKY-J 3x1.5 | C30: m | D30: 180 | E30: =SUM(P30) -> 13.495482 | F30: =D30*E30 -> 2429.1868 | G30: =SUM(S30) -> 22 | H30: =D30*G30 -> 3960 | I30: =E30+G30 -> 35.495482 | J30: =F30+H30 -> 6389.1868 | N30: =SUM([2]List1!$E$181) -> 11.6844 | O30: =$O$1 -> 1.155 | P30: =SUM(N30*O30) -> 13.495482 | S30: 22 | T30: =$T$1 -> 1.155 | U30: =SUM(S30*T30) -> 25.41 | W30: =SUM(N30*D30) -> 2103.192 | X30: =SUM(S30*D30) -> 3960
B31: CYKY-J 4x10 | C31: m | D31: 550 | E31: =SUM(P31) -> 111.36926 | F31: =D31*E31 -> 61253.092 | G31: =SUM(S31) -> 28 | H31: =D31*G31 -> 15400 | I31: =E31+G31 -> 139.36926 | J31: =F31+H31 -> 76653.092 | N31: =SUM([2]List1!$E$182) -> 96.4236 | O31: =$O$1 -> 1.155 | P31: =SUM(N31*O31) -> 111.36926 | S31: 28 | T31: =$T$1 -> 1.155 | U31: =SUM(S31*T31) -> 32.34 | W31: =SUM(N31*D31) -> 53032.98 | X31: =SUM(S31*D31) -> 15400
B32: CYKY-J 5x10 | C32: m | D32: 110 | E32: =SUM(P32) -> 141.26112 | F32: =D32*E32 -> 15538.723 | G32: =SUM(S32) -> 28 | H32: =D32*G32 -> 3080 | I32: =E32+G32 -> 169.26112 | J32: =F32+H32 -> 18618.723 | N32: =SUM([2]List1!$E$183) -> 122.304 | O32: =$O$1 -> 1.155 | P32: =SUM(N32*O32) -> 141.26112 | S32: 28 | T32: =$T$1 -> 1.155 | U32: =SUM(S32*T32) -> 32.34 | W32: =SUM(N32*D32) -> 13453.44 | X32: =SUM(S32*D32) -> 3080
B33: CYKY-J 3x4 | C33: m | D33: 150 | E33: =SUM(P33) -> 36.624588 | F33: =D33*E33 -> 5493.6882 | G33: =SUM(S33) -> 28 | H33: =D33*G33 -> 4200 | I33: =E33+G33 -> 64.624588 | J33: =F33+H33 -> 9693.6882 | N33: =SUM([2]List1!$E$184) -> 31.7096 | O33: =$O$1 -> 1.155 | P33: =SUM(N33*O33) -> 36.624588 | S33: 28 | T33: =$T$1 -> 1.155 | U33: =SUM(S33*T33) -> 32.34 | W33: =SUM(N33*D33) -> 4756.44 | X33: =SUM(S33*D33) -> 4200
I34: =E34+G34 -> 0 | J34: =F34+H34 -> 0 | W34: =SUM(N34*D34) -> 0 | X34: =SUM(S34*D34) -> 0
B35: Kabely - celkem | F35: =SUM(F26:F34) -> 163993.89 | H35: =SUM(H26:H34) -> 44640 | J35: =SUM(J26:J34) -> 208633.89 | W35: =SUM(N35*D35) -> 0 | X35: =SUM(S35*D35) -> 0
I36: =E36+G36 -> 0 | J36: =F36+H36 -> 0 | W36: =SUM(N36*D36) -> 0 | X36: =SUM(S36*D36) -> 0
B37: Kabelové trasy, nosné konstrukce | W37: =SUM(N37*D37) -> 0 | X37: =SUM(S37*D37) -> 0
I38: =E38+G38 -> 0 | J38: =F38+H38 -> 0 | W38: =SUM(N38*D38) -> 0 | X38: =SUM(S38*D38) -> 0
B39: KF 09110 TRUBKA KOPOFLEX 110 | C39: m | D39: 20 | E39: =SUM(P39) -> 39.823245 | F39: =D39*E39 -> 796.4649 | G39: =SUM(S39) -> 30 | H39: =D39*G39 -> 600 | I39: =E39+G39 -> 69.823245 | J39: =F39+H39 -> 1396.4649 | N39: =SUM([2]List1!$E$185) -> 34.479 | O39: =$O$1 -> 1.155 | P39: =SUM(N39*O39) -> 39.823245 | S39: 30 | T39: =$T$1 -> 1.155 | U39: =SUM(S39*T39) -> 34.65 | W39: =SUM(N39*D39) -> 689.58 | X39: =SUM(S39*D39) -> 600
B40: KF 09160 TRUBKA KOPOFLEX 160 | C40: m | D40: 90 | E40: =SUM(P40) -> 86.43871 | F40: =D40*E40 -> 7779.4839 | G40: =SUM(S40) -> 40 | H40: =D40*G40 -> 3600 | I40: =E40+G40 -> 126.43871 | J40: =F40+H40 -> 11379.484 | N40: =SUM([1]Rozpočet!$U$34) -> 74.83871 | O40: =$O$1 -> 1.155 | P40: =SUM(N40*O40) -> 86.43871 | S40: 40 | T40: =$T$1 -> 1.155 | U40: =SUM(S40*T40) -> 46.2 | W40: =SUM(N40*D40) -> 6735.4839 | X40: =SUM(S40*D40) -> 3600
B41: Zatažení kabelu do trubky do váhy do 9 kg/m | C41: m | D41: 110 | E41: =SUM(P41) -> 0 | F41: =D41*E41 -> 0 | G41: =SUM(S41) -> 30 | H41: =D41*G41 -> 3300 | I41: =E41+G41 -> 30 | J41: =F41+H41 -> 3300 | O41: =$O$1 -> 1.155 | P41: =SUM(N41*O41) -> 0 | S41: 30 | T41: =$T$1 -> 1.155 | U41: =SUM(S41*T41) -> 34.65 | W41: =SUM(N41*D41) -> 0 | X41: =SUM(S41*D41) -> 3300
I42: =E42+G42 -> 0 | J42: =F42+H42 -> 0 | W42: =SUM(N42*D42) -> 0 | X42: =SUM(S42*D42) -> 0
B43: Kabelové trasy, nosné konstrukce - celkem | F43: =SUM(F38:F42) -> 8575.9488 | H43: =SUM(H38:H42) -> 7500 | J43: =SUM(J38:J42) -> 16075.949 | W43: =SUM(N43*D43) -> 0 | X43: =SUM(S43*D43) -> 0
I44: =E44+G44 -> 0 | J44: =F44+H44 -> 0 | W44: =SUM(N44*D44) -> 0 | X44: =SUM(S44*D44) -> 0
B45: Ukončení vodičů | W45: =SUM(N45*D45) -> 0 | X45: =SUM(S45*D45) -> 0
I46: =E46+G46 -> 0 | J46: =F46+H46 -> 0 | W46: =SUM(N46*D46) -> 0 | X46: =SUM(S46*D46) -> 0
B47: UKONČENÍ KABELŮ SMRŠŤOVACÍ | W47: =SUM(N47*D47) -> 0 | X47: =SUM(S47*D47) -> 0
B48: ZÁKLOPKOU DO | W48: =SUM(N48*D48) -> 0 | X48: =SUM(S48*D48) -> 0
B49: 5x6 mm2 | C49: ks | D49: 6 | E49: =SUM(P49) -> 28.279263 | F49: =D49*E49 -> 169.67558 | G49: =SUM(S49) -> 120 | H49: =D49*G49 -> 720 | I49: =E49+G49 -> 148.27926 | J49: =F49+H49 -> 889.67558 | N49: 24.484211 | O49: =$O$1 -> 1.155 | P49: =SUM(N49*O49) -> 28.279263 | S49: 120 | T49: =$T$1 -> 1.155 | U49: =SUM(S49*T49) -> 138.6 | W49: =SUM(N49*D49) -> 146.90526 | X49: =SUM(S49*D49) -> 720
B50: 4x10 mm2 | C50: ks | D50: 20 | E50: =SUM(P50) -> 28.279263 | F50: =D50*E50 -> 565.58526 | G50: =SUM(S50) -> 150 | H50: =D50*G50 -> 3000 | I50: =E50+G50 -> 178.27926 | J50: =F50+H50 -> 3565.5853 | N50: 24.484211 | O50: =$O$1 -> 1.155 | P50: =SUM(N50*O50) -> 28.279263 | S50: 150 | T50: =$T$1 -> 1.155 | U50: =SUM(S50*T50) -> 173.25 | W50: =SUM(N50*D50) -> 489.68421 | X50: =SUM(S50*D50) -> 3000
B51: 4x120 mm2 | C51: ks | D51: 4 | E51: =SUM(P51) -> 48.631579 | F51: =D51*E51 -> 194.52632 | G51: =SUM(S51) -> 250 | H51: =D51*G51 -> 1000 | I51: =E51+G51 -> 298.63158 | J51: =F51+H51 -> 1194.5263 | N51: 42.105263 | O51: =$O$1 -> 1.155 | P51: =SUM(N51*O51) -> 48.631579 | S51: 250 | T51: =$T$1 -> 1.155 | U51: =SUM(S51*T51) -> 288.75 | W51: =SUM(N51*D51) -> 168.42105 | X51: =SUM(S51*D51) -> 1000
B52: UKONČENÍ VODIČŮ V ROZVADĚČÍCH | W52: =SUM(N52*D52) -> 0 | X52: =SUM(S52*D52) -> 0
B53: Do 2,5 mm2 | C53: ks | D53: 120 | E53: =SUM(P53) -> 0 | F53: =D53*E53 -> 0 | G53: =SUM(S53) -> 15 | H53: =D53*G53 -> 1800 | I53: =E53+G53 -> 15 | J53: =F53+H53 -> 1800 | O53: =$O$1 -> 1.155 | P53: =SUM(N53*O53) -> 0 | S53: 15 | T53: =$T$1 -> 1.155 | U53: =SUM(S53*T53) -> 17.325 | W53: =SUM(N53*D53) -> 0 | X53: =SUM(S53*D53) -> 1800
B54: Do 4 mm2 | C54: ks | D54: 80 | E54: =SUM(P54) -> 0 | F54: =D54*E54 -> 0 | G54: =SUM(S54) -> 15 | H54: =D54*G54 -> 1200 | I54: =E54+G54 -> 15 | J54: =F54+H54 -> 1200 | O54: =$O$1 -> 1.155 | P54: =SUM(N54*O54) -> 0 | S54: 15 | T54: =$T$1 -> 1.155 | U54: =SUM(S54*T54) -> 17.325 | W54: =SUM(N54*D54) -> 0 | X54: =SUM(S54*D54) -> 1200
B55: Do 10 mm2 | C55: ks | D55: 80 | E55: =SUM(P55) -> 0 | F55: =D55*E55 -> 0 | G55: =SUM(S55) -> 20 | H55: =D55*G55 -> 1600 | I55: =E55+G55 -> 20 | J55: =F55+H55 -> 1600 | O55: =$O$1 -> 1.155 | P55: =SUM(N55*O55) -> 0 | S55: 20 | T55: =$T$1 -> 1.155 | U55: =SUM(S55*T55) -> 23.1 | W55: =SUM(N55*D55) -> 0 | X55: =SUM(S55*D55) -> 1600
B56: Do 16 mm2 | C56: ks | D56: 8 | E56: =SUM(P56) -> 0 | F56: =D56*E56 -> 0 | G56: =SUM(S56) -> 25 | H56: =D56*G56 -> 200 | I56: =E56+G56 -> 25 | J56: =F56+H56 -> 200 | O56: =$O$1 -> 1.155 | P56: =SUM(N56*O56) -> 0 | S56: 25 | T56: =$T$1 -> 1.155 | U56: =SUM(S56*T56) -> 28.875 | W56: =SUM(N56*D56) -> 0 | X56: =SUM(S56*D56) -> 200
B57: Do 70 mm2 | C57: ks | D57: 4 | E57: =SUM(P57) -> 0 | F57: =D57*E57 -> 0 | G57: =SUM(S57) -> 32 | H57: =D57*G57 -> 128 | I57: =E57+G57 -> 32 | J57: =F57+H57 -> 128 | O57: =$O$1 -> 1.155 | P57: =SUM(N57*O57) -> 0 | S57: 32 | T57: =$T$1 -> 1.155 | U57: =SUM(S57*T57) -> 36.96 | W57: =SUM(N57*D57) -> 0 | X57: =SUM(S57*D57) -> 128
B58: Do 120 mm2 | C58: ks | D58: 12 | E58: =SUM(P58) -> 0 | F58: =D58*E58 -> 0 | G58: =SUM(S58) -> 50 | H58: =D58*G58 -> 600 | I58: =E58+G58 -> 50 | J58: =F58+H58 -> 600 | O58: =$O$1 -> 1.155 | P58: =SUM(N58*O58) -> 0 | S58: 50 | T58: =$T$1 -> 1.155 | U58: =SUM(S58*T58) -> 57.75 | W58: =SUM(N58*D58) -> 0 | X58: =SUM(S58*D58) -> 600
I59: =E59+G59 -> 0 | J59: =F59+H59 -> 0 | W59: =SUM(N59*D59) -> 0 | X59: =SUM(S59*D59) -> 0
B60: Ukončení vodičů - celkem | F60: =SUM(F46:F59) -> 929.78716 | H60: =SUM(H46:H59) -> 10248 | J60: =SUM(J46:J59) -> 11177.787 | W60: =SUM(N60*D60) -> 0 | X60: =SUM(S60*D60) -> 0
I61: =E61+G61 -> 0 | J61: =F61+H61 -> 0 | W61: =SUM(N61*D61) -> 0 | X61: =SUM(S61*D61) -> 0
B62: Uzemnění | W62: =SUM(N62*D62) -> 0 | X62: =SUM(S62*D62) -> 0
I63: =E63+G63 -> 0 | J63: =F63+H63 -> 0 | W63: =SUM(N63*D63) -> 0 | X63: =SUM(S63*D63) -> 0
B64: ZINKOVANÉ PROVEDENÍ | W64: =SUM(N64*D64) -> 0 | X64: =SUM(S64*D64) -> 0
B65: OCELOVÝ DRÁT POZINKOVANÝ | W65: =SUM(N65*D65) -> 0 | X65: =SUM(S65*D65) -> 0
B66: Drát 10 drát o 10mm(0,62kg/m) | C66: m | D66: 50 | E66: =SUM(P66) -> 48.51 | F66: =D66*E66 -> 2425.5 | G66: =SUM(S66) -> 65 | H66: =D66*G66 -> 3250 | I66: =E66+G66 -> 113.51 | J66: =F66+H66 -> 5675.5 | N66: 42 | O66: =$O$1 -> 1.155 | P66: =SUM(N66*O66) -> 48.51 | S66: 65 | T66: =$T$1 -> 1.155 | U66: =SUM(S66*T66) -> 75.075 | W66: =SUM(N66*D66) -> 2100 | X66: =SUM(S66*D66) -> 3250
B67: OCELOVÝ PÁSEK POZINKOVANÝ | W67: =SUM(N67*D67) -> 0 | X67: =SUM(S67*D67) -> 0
B68: Páska 30x4 páska 30x4 (0,95 kg/m) | C68: m | D68: 650 | E68: =SUM(P68) -> 35.805 | F68: =D68*E68 -> 23273.25 | G68: =SUM(S68) -> 65 | H68: =D68*G68 -> 42250 | I68: =E68+G68 -> 100.805 | J68: =F68+H68 -> 65523.25 | N68: 31 | O68: =$O$1 -> 1.155 | P68: =SUM(N68*O68) -> 35.805 | S68: 65 | T68: =$T$1 -> 1.155 | U68: =SUM(S68*T68) -> 75.075 | W68: =SUM(N68*D68) -> 20150 | X68: =SUM(S68*D68) -> 42250
B69: OCELOVÝ DRÁT POZINKOVANÝ | W69: =SUM(N69*D69) -> 0 | X69: =SUM(S69*D69) -> 0
B70: Nátěr svodového vodiče, asfalt | C70: m | D70: 40 | E70: =SUM(P70) -> 245.42595 | F70: =D70*E70 -> 9817.038 | G70: =SUM(S70) -> 35 | H70: =D70*G70 -> 1400 | I70: =E70+G70 -> 280.42595 | J70: =F70+H70 -> 11217.038 | N70: 212.49 | O70: =$O$1 -> 1.155 | P70: =SUM(N70*O70) -> 245.42595 | S70: 35 | T70: =$T$1 -> 1.155 | U70: =SUM(S70*T70) -> 40.425 | W70: =SUM(N70*D70) -> 8499.6 | X70: =SUM(S70*D70) -> 1400
B71: SVORKA HROMOSVODNÍ,UZEMŇOVACÍ | W71: =SUM(N71*D71) -> 0 | X71: =SUM(S71*D71) -> 0
B72: SS spojovací | C72: ks | D72: 60 | E72: =SUM(P72) -> 11.975526 | F72: =D72*E72 -> 718.53158 | G72: =SUM(S72) -> 55 | H72: =D72*G72 -> 3300 | I72: =E72+G72 -> 66.975526 | J72: =F72+H72 -> 4018.5316 | N72: 10.368421 | O72: =$O$1 -> 1.155 | P72: =SUM(N72*O72) -> 11.975526 | S72: 55 | T72: =$T$1 -> 1.155 | U72: =SUM(S72*T72) -> 63.525 | W72: =SUM(N72*D72) -> 622.10526 | X72: =SUM(S72*D72) -> 3300
B73: SP připojovací | C73: ks | D73: 7 | E73: =SUM(P73) -> 14.917737 | F73: =D73*E73 -> 104.42416 | G73: =SUM(S73) -> 55 | H73: =D73*G73 -> 385 | I73: =E73+G73 -> 69.917737 | J73: =F73+H73 -> 489.42416 | N73: 12.915789 | O73: =$O$1 -> 1.155 | P73: =SUM(N73*O73) -> 14.917737 | S73: 55 | T73: =$T$1 -> 1.155 | U73: =SUM(S73*T73) -> 63.525 | W73: =SUM(N73*D73) -> 90.410526 | X73: =SUM(S73*D73) -> 385
B74: Štítek uzemnění | C74: ks | D74: 6 | E74: =SUM(P74) -> 12.705 | F74: =D74*E74 -> 76.23 | G74: =SUM(S74) -> 15 | H74: =D74*G74 -> 90 | I74: =E74+G74 -> 27.705 | J74: =F74+H74 -> 166.23 | N74: 11 | O74: =$O$1 -> 1.155 | P74: =SUM(N74*O74) -> 12.705 | S74: 15 | T74: =$T$1 -> 1.155 | U74: =SUM(S74*T74) -> 17.325 | W74: =SUM(N74*D74) -> 66 | X74: =SUM(S74*D74) -> 90
B75: MONTÁŽNÍ PRÁCE | W75: =SUM(N75*D75) -> 0 | X75: =SUM(S75*D75) -> 0
B76: tvarování mont.dílu | C76: ks | D76: 120 | E76: =SUM(P76) -> 0 | F76: =D76*E76 -> 0 | G76: =SUM(S76) -> 150 | H76: =D76*G76 -> 18000 | I76: =E76+G76 -> 150 | J76: =F76+H76 -> 18000 | O76: =$O$1 -> 1.155 | P76: =SUM(N76*O76) -> 0 | S76: 150 | T76: =$T$1 -> 1.155 | U76: =SUM(S76*T76) -> 173.25 | W76: =SUM(N76*D76) -> 0 | X76: =SUM(S76*D76) -> 18000
B77: Měření zemních odporů, zemnící sítě délky pásu | W77: =SUM(N77*D77) -> 0 | X77: =SUM(S77*D77) -> 0
B78: přes 500 do 1000m | C78: ks | D78: 1 | E78: =SUM(P78) -> 0 | F78: =D78*E78 -> 0 | G78: =SUM(S78) -> 3600 | H78: =D78*G78 -> 3600 | I78: =E78+G78 -> 3600 | J78: =F78+H78 -> 3600 | O78: =$O$1 -> 1.155 | P78: =SUM(N78*O78) -> 0 | S78: 3600 | T78: =$T$1 -> 1.155 | U78: =SUM(S78*T78) -> 4158 | W78: =SUM(N78*D78) -> 0 | X78: =SUM(S78*D78) -> 3600
I79: =E79+G79 -> 0 | J79: =F79+H79 -> 0 | W79: =SUM(N79*D79) -> 0 | X79: =SUM(S79*D79) -> 0
B80: Uzemnění - celkem | F80: =SUM(F63:F79) -> 36414.974 | H80: =SUM(H63:H79) -> 72275 | J80: =SUM(J63:J79) -> 108689.97 | W80: =SUM(N80*D80) -> 0 | X80: =SUM(S80*D80) -> 0
I81: =E81+G81 -> 0 | J81: =F81+H81 -> 0 | W81: =SUM(N81*D81) -> 0 | X81: =SUM(S81*D81) -> 0
B82: Ostatní | W82: =SUM(N82*D82) -> 0 | X82: =SUM(S82*D82) -> 0
I83: =E83+G83 -> 0 | J83: =F83+H83 -> 0 | W83: =SUM(N83*D83) -> 0 | X83: =SUM(S83*D83) -> 0
B84: Vytýčení trati, Venkovní vedení nn v přehledném terénu | C84: km | D84: 0.5 | F84: =D84*E84 -> 0 | H84: =D84*G84 -> 0 | I84: =E84+G84 -> 0 | J84: =F84+H84 -> 0 | W84: =SUM(N84*D84) -> 0 | X84: =SUM(S84*D84) -> 0
B85: Geodetická činnost | C85: tkc | D85: 15 | F85: =D85*E85 -> 0 | H85: =D85*G85 -> 0 | I85: =E85+G85 -> 0 | J85: =F85+H85 -> 0 | W85: =SUM(N85*D85) -> 0 | X85: =SUM(S85*D85) -> 0
B86: Pracovní plošina 14m, osazení stožáru - 3ks, osazení a nastavení svítidel, | C86: sada | D86: 1 | E86: =SUM(P86) -> 6930 | F86: =D86*E86 -> 6930 | G86: =SUM(S86) -> 0 | H86: =D86*G86 -> 0 | I86: =E86+G86 -> 6930 | J86: =F86+H86 -> 6930 | N86: 6000 | O86: =$O$1 -> 1.155 | P86: =SUM(N86*O86) -> 6930 | T86: =$T$1 -> 1.155 | U86: =SUM(S86*T86) -> 0 | W86: =SUM(N86*D86) -> 6000 | X86: =SUM(S86*D86) -> 0
B87: Cena dopravy pracovní plošiny (cena bude upřesněna montážní firmou) | C87: sada | D87: 1 | E87: =SUM(P87) -> 346.5 | F87: =D87*E87 -> 346.5 | G87: =SUM(S87) -> 0 | H87: =D87*G87 -> 0 | I87: =E87+G87 -> 346.5 | J87: =F87+H87 -> 346.5 | N87: 300 | O87: =$O$1 -> 1.155 | P87: =SUM(N87*O87) -> 346.5 | T87: =$T$1 -> 1.155 | U87: =SUM(S87*T87) -> 0 | W87: =SUM(N87*D87) -> 300 | X87: =SUM(S87*D87) -> 0
B88: Nafázování NN kabelu | C88: sada | D88: 2 | E88: =SUM(P88) -> 0 | F88: =D88*E88 -> 0 | G88: =SUM(S88) -> 450 | H88: =D88*G88 -> 900 | I88: =E88+G88 -> 450 | J88: =F88+H88 -> 900 | O88: =$O$1 -> 1.155 | P88: =SUM(N88*O88) -> 0 | S88: 450 | T88: =$T$1 -> 1.155 | U88: =SUM(S88*T88) -> 519.75 | W88: =SUM(N88*D88) -> 0 | X88: =SUM(S88*D88) -> 900
B89: Příprava ke komplexní zkoušce | C89: hod | D89: 6 | E89: =SUM(P89) -> 0 | F89: =D89*E89 -> 0 | G89: =SUM(S89) -> 450 | H89: =D89*G89 -> 2700 | I89: =E89+G89 -> 450 | J89: =F89+H89 -> 2700 | O89: =$O$1 -> 1.155 | P89: =SUM(N89*O89) -> 0 | S89: 450 | T89: =$T$1 -> 1.155 | U89: =SUM(S89*T89) -> 519.75 | W89: =SUM(N89*D89) -> 0 | X89: =SUM(S89*D89) -> 2700
B90: Zkušební provoz | C90: hod | D90: 6 | E90: =SUM(P90) -> 0 | F90: =D90*E90 -> 0 | G90: =SUM(S90) -> 450 | H90: =D90*G90 -> 2700 | I90: =E90+G90 -> 450 | J90: =F90+H90 -> 2700 | O90: =$O$1 -> 1.155 | P90: =SUM(N90*O90) -> 0 | S90: 450 | T90: =$T$1 -> 1.155 | U90: =SUM(S90*T90) -> 519.75 | W90: =SUM(N90*D90) -> 0 | X90: =SUM(S90*D90) -> 2700
B91: Zabezpečení pracoviště | C91: hod | D91: 12 | E91: =SUM(P91) -> 0 | F91: =D91*E91 -> 0 | G91: =SUM(S91) -> 450 | H91: =D91*G91 -> 5400 | I91: =E91+G91 -> 450 | J91: =F91+H91 -> 5400 | O91: =$O$1 -> 1.155 | P91: =SUM(N91*O91) -> 0 | S91: 450 | T91: =$T$1 -> 1.155 | U91: =SUM(S91*T91) -> 519.75 | W91: =SUM(N91*D91) -> 0 | X91: =SUM(S91*D91) -> 5400
I92: =E92+G92 -> 0 | J92: =F92+H92 -> 0 | W92: =SUM(N92*D92) -> 0 | X92: =SUM(S92*D92) -> 0
B93: Ostatní - celkem | F93: =SUM(F83:F92) -> 7276.5 | H93: =SUM(H83:H92) -> 11700 | J93: =SUM(J83:J92) -> 18976.5 | W93: =SUM(N93*D93) -> 0 | X93: =SUM(S93*D93) -> 0
I94: =E94+G94 -> 0 | J94: =F94+H94 -> 0 | W94: =SUM(N94*D94) -> 0 | X94: =SUM(S94*D94) -> 0
B95: Revize | W95: =SUM(N95*D95) -> 0 | X95: =SUM(S95*D95) -> 0
I96: =E96+G96 -> 0 | J96: =F96+H96 -> 0 | W96: =SUM(N96*D96) -> 0 | X96: =SUM(S96*D96) -> 0
B97: Zkoušky a prohlídky elektrických rozvodů a zařízení celková prohlídka a vyhotovení revizní zprávy pro objem montážních prací | W97: =SUM(N97*D97) -> 0 | X97: =SUM(S97*D97) -> 0
B98: přes 100 do 500 tis.Kč | C98: ks | D98: 2 | E98: =SUM(P98) -> 0 | F98: =D98*E98 -> 0 | G98: =SUM(S98) -> 2650 | H98: =D98*G98 -> 5300 | I98: =E98+G98 -> 2650 | J98: =F98+H98 -> 5300 | O98: =$O$1 -> 1.155 | P98: =SUM(N98*O98) -> 0 | S98: 2650 | T98: =$T$1 -> 1.155 | U98: =SUM(S98*T98) -> 3060.75 | W98: =SUM(N98*D98) -> 0 | X98: =SUM(S98*D98) -> 5300
I99: =E99+G99 -> 0 | J99: =F99+H99 -> 0 | W99: =SUM(N99*D99) -> 0 | X99: =SUM(S99*D99) -> 0
B100: Revize - celkem | F100: =SUM(F96:F99) -> 0 | H100: =SUM(H96:H99) -> 5300 | J100: =SUM(J96:J99) -> 5300 | W100: =SUM(N100*D100) -> 0 | X100: =SUM(S100*D100) -> 0
...

Sheet Parametry
A1: Název | B1: Hodnota
A2: Nadpis rekapitulace | B2: Seznam prací a dodávek elektrotechnických zařízení
A3: Akce | B3: Prodejna pro dům a zahradu, ulice Lomská, Litvínov
A4: Projekt | B4: D.2.5-1 - SO 31 Areálové rozvody NN a VO
A5: Investor | B5: DEKINVEST, investiční fond s proměnným základním kapitálem, a.s. Tiskařská 257/10, 108 00 Praha 10
A6: Z. č. | B6: 2017-15-02
A7: A. č. | B7: 21458
A8: Smlouva
A9: Vypracoval | B9: Martin Zeman
A10: Kontroloval | B10: Martin Zeman
A11: Datum | B11: 13.12.2021
A12: Zpracovatel | B12: Martin Zeman, Zašovská 256, Valašské Meziříčí
A13: CÚ | B13: 12/2021
A14: Poznámka | B14: Uvedené ceny jsou v Kč a nezahrnují DPH, pokud to není uvedeno.
A16: Doprava dodávek (3,6) % | B16: 0,00
A17: Přesun dodávek (1) % | B17: 1,00
A18: PPV (1 nebo 6) % | B18: 1,00
A19: PPV zemních prací, nátěrů (1) % | B19: 0,00
A20: Dodavat. dokumentace (1 - 1,5) % | B20: 0,00
A21: Rizika a pojištění (1 - 1,5) % | B21: 0,00
... A32: 2. sazba DPH % | B32: 15
A33: Procento PM % 1 | B33: 5
A34: Procento PM % 2 | B34: 1
