Workbook

Sheet Rekapitulace
A1: Název | B1: Hodnota A | C1: Hodnota B
A2: Základní náklady
A3: Dodávka | B3: =0 -> 0
A4: Doprava 3,60%, Přesun 1,00% | B4: =B3 * Parametry!B16 / 100 -> 0 | C4: =B3 * Parametry!B17 / 100 -> 0
A5: Montáž - materiál | C5: =(Rozpočet!F338) + 0 -> 1113373.6
A6: Montáž - práce | C6: =0 + (Rozpočet!I338) + 0 -> 1107439.4
A7: Mezisoučet 1 | B7: =B3 + B4 -> 0 | C7: =C3 + C4 + C5 + C6 -> 2220813
A8: PPV 1,00% z montáže: materiál + práce | C8: =(C5 + C6) * Parametry!B18 / 100 -> 22208.13
A9: Nátěry | C9: =0 + 0 -> 0
A10: Zemní práce | C10: =(Rozpočet!F347) + (Rozpočet!I347) -> 0
A11: PPV 0,00% z nátěrů a zemních prací | C11: =(C9 + C10) * Parametry!B19 / 100 -> 0
A12: Mezisoučet 2 | B12: =B7 -> 0 | C12: =C7 + C8 + C9 + C10 + C11 -> 2243021.1
A13: Dodav. dokumentace 0,00% z mezisoučtu 2 | C13: =(B12 + C12) * Parametry!B20 / 100 -> 0
A14: Rizika a pojištění 0,00% z mezisoučtu 2 | C14: =(B12 + C12) * Parametry!B21 / 100 -> 0
A15: Opravy v záruce 0,00% z mezisoučtu 1 | C15: =(B7 + C7) * Parametry!B22 / 100 -> 0
A16: Základní náklady celkem | C16: =B12 + C12 + C13 + C14 + C15 -> 2243021.1
A18: Vedlejší náklady
A19: GZS 0,00% z pravé strany mezisoučtu 2 | C19: =C12 * Parametry!B23 / 100 -> 0
A20: Provozní vlivy 0,00% z pravé strany mezisoučtu 2 | C20: =C12 * Parametry!B24 / 100 -> 0
A21: Vedlejší náklady celkem | C21: =C19 + C20 -> 0
A22: Kompletační činnost | C22: =Parametry!B25 * Parametry!B28 * (C16 * Parametry!B27)^Parametry!B26 -> 0
A24: Náklady celkem bez DPH | C24: =C16 + C21 + C22 -> 2243021.1
A26: Součty odstavců | B26: Materiál | C26: Montáž
A27: Elektromontáže | B27: =(Rozpočet!F338) -> 1113373.6 | C27: =(Rozpočet!I338) -> 1107439.4
A28: D.1.4.3 - Zařízení silnoproudé elektrotechniky | B28: =(Rozpočet!F335) -> 1091542.7 | C28: =(Rozpočet!I335) -> 1107439.4
A29: Rozvaděče | B29: =(Rozpočet!F16) -> 329706.3 | C29: =(Rozpočet!I16) -> 73898.055
A30: Svítidla | B30: =(Rozpočet!F47) -> 0 | C30: =(Rozpočet!I47) -> 144571.35
A31: Elektrické vytápění | B31: =(Rozpočet!F62) -> 20540.283 | C31: =(Rozpočet!I62) -> 3534.3
A32: Zásuvky, spínače, krabice | B32: =(Rozpočet!F176) -> 123258.02 | C32: =(Rozpočet!I176) -> 128124.15
A33: Ovládací skříně | B33: =(Rozpočet!F182) -> 0 | C33: =(Rozpočet!I182) -> 404.25
A34: Kabely | B34: =(Rozpočet!F209) -> 199506.66 | C34: =(Rozpočet!I209) -> 232468.01
A35: Ukončení vodičů | B35: =(Rozpočet!F228) -> 1548.7942 | C35: =(Rozpočet!I228) -> 77217.525
A36: Kabelové trasy, nosné konstrukce | B36: =(Rozpočet!F270) -> 193117.6 | C36: =(Rozpočet!I270) -> 197135.4
A37: Protipožární zabezpečení | B37: =(Rozpočet!F282) -> 0 | C37: =(Rozpočet!I282) -> 0
A38: Hromosvod | B38: =(Rozpočet!F324) -> 223865.08 | C38: =(Rozpočet!I324) -> 213126.38
A39: Revize | B39: =(Rozpočet!F333) -> 0 | C39: =(Rozpočet!I333) -> 36960
A40: Zemní práce | B40: =(Rozpočet!F347) -> 0 | C40: =(Rozpočet!I347) -> 0

Sheet Rozpočet
A1: Položka DEK | B1: Název | C1: Mj | D1: Počet | E1: Materiál | F1: Materiál celkem | H1: Montáž | I1: Montáž celkem | J1: Cena | K1: Cena celkem | N1: =Parametry!B33/100*F11+Parametry!B34/100*F24+Parametry!B33/100*F26+Parametry!B34/100*F28+Parametry!B33/100*F30+Parametry!B33/100*F32+Parametry!B34/100*F34+Parametry!B34/100*F36+Parametry!B33/100*F37+Parametry!B33/100*F39+Parametry!B34/100*F41+Parametry!B34/100*F43+Parametry!B34/100*F45+Parametry!B34/100*F52+Parametry!B34/100*F53+Parametry!B34/100*F54+Parametry!B34/100*F56+Parametry!B34/100*F58+Parametry!B34/100*F59+Parametry!B34/100*F60+Parametry!B34/100*F67+Parametry!B34/100*F69+Parametry!B34/100*F70 -> 2571.4626 | P1: 1.155 | U1: =P1 -> 1.155
J2: =E2+H2 -> 0 | K2: =F2+I2 -> 0 | N2: =N1+Parametry!B34/100*F71+Parametry!B34/100*F72+Parametry!B34/100*F73+Parametry!B34/100*F75+Parametry!B34/100*F76+Parametry!B34/100*F77+Parametry!B34/100*F79+Parametry!B34/100*F80+Parametry!B34/100*F81+Parametry!B34/100*F83+Parametry!B34/100*F84+Parametry!B34/100*F85+Parametry!B34/100*F87+Parametry!B34/100*F88+Parametry!B34/100*F89+Parametry!B34/100*F91+Parametry!B34/100*F92+Parametry!B34/100*F95+Parametry!B34/100*F96+Parametry!B34/100*F97+Parametry!B34/100*F99+Parametry!B34/100*F100+Parametry!B34/100*F101 -> 4422.3967 | O2: Dodávka "A" | P2: Koeficient | Q2: Dodávka "C" | T2: Montáž "A" | U2: Koeficient | V2: Montáž "C"
B3: Elektromontáže | N3: =N2+Parametry!B34/100*F103+Parametry!B34/100*F104+Parametry!B34/100*F105+Parametry!B34/100*F107+Parametry!B34/100*F109+Parametry!B34/100*F110+Parametry!B34/100*F112+Parametry!B34/100*F114+Parametry!B34/100*F116+Parametry!B34/100*F117+Parametry!B34/100*F118+Parametry!B34/100*F120+Parametry!B34/100*F122+Parametry!B34/100*F123+Parametry!B34/100*F125+Parametry!B34/100*F126+Parametry!B34/100*F127+Parametry!B34/100*F129+Parametry!B34/100*F130+Parametry!B34/100*F131+Parametry!B34/100*F133+Parametry!B34/100*F134 -> 5794.2865
J4: =E4+H4 -> 0 | K4: =F4+I4 -> 0 | N4: =N3+Parametry!B34/100*F135+Parametry!B34/100*F136+Parametry!B34/100*F138+Parametry!B34/100*F139+Parametry!B34/100*F140+Parametry!B34/100*F142+Parametry!B34/100*F143+Parametry!B34/100*F144+Parametry!B34/100*F145+Parametry!B34/100*F147+Parametry!B34/100*F148+Parametry!B34/100*F149+Parametry!B34/100*F150+Parametry!B34/100*F152+Parametry!B34/100*F154+Parametry!B34/100*F156+Parametry!B34/100*F158+Parametry!B34/100*F159+Parametry!B34/100*F160+Parametry!B34/100*F162+Parametry!B34/100*F164+Parametry!B34/100*F165 -> 6160.0582
B5: D.1.4.3 - Zařízení silnoproudé elektrotechniky | N5: =N4+Parametry!B34/100*F166+Parametry!B34/100*F167+Parametry!B34/100*F168+Parametry!B34/100*F171+Parametry!B34/100*F173+Parametry!B34/100*F174+Parametry!B33/100*F187+Parametry!B33/100*F188+Parametry!B33/100*F189+Parametry!B33/100*F190+Parametry!B33/100*F191+Parametry!B33/100*F192+Parametry!B33/100*F193+Parametry!B34/100*F194+Parametry!B34/100*F196+Parametry!B33/100*F198+Parametry!B33/100*F200+Parametry!B33/100*F201+Parametry!B33/100*F202+Parametry!B33/100*F204+Parametry!B33/100*F205+Parametry!B33/100*F206 -> 9368.4792
J6: =E6+H6 -> 0 | K6: =F6+I6 -> 0 | N6: =N5+Parametry!B33/100*F207+Parametry!B33/100*F214+Parametry!B33/100*F215+Parametry!B33/100*F216+Parametry!B33/100*F217+Parametry!B33/100*F218+Parametry!B33/100*F221+Parametry!B33/100*F222+Parametry!B34/100*F225+Parametry!B34/100*F226+Parametry!B34/100*F231+Parametry!B33/100*F235+Parametry!B33/100*F239+Parametry!B33/100*F240+Parametry!B33/100*F241+Parametry!B33/100*F244+Parametry!B33/100*F245+Parametry!B33/100*F246+Parametry!B33/100*F247+Parametry!B33/100*F248+Parametry!B34/100*F249+Parametry!B34/100*F250 -> 11273.849
B7: Rozvaděče | N7: =N6+Parametry!B34/100*F251+Parametry!B33/100*F253+Parametry!B34/100*F255+Parametry!B33/100*F256+Parametry!B33/100*F257+Parametry!B33/100*F258+Parametry!B33/100*F259+Parametry!B33/100*F261+Parametry!B33/100*F262+Parametry!B33/100*F264+Parametry!B33/100*F265+Parametry!B33/100*F267+Parametry!B33/100*F268+Parametry!B33/100*F275+Parametry!B33/100*F276+Parametry!B33/100*F277+Parametry!B33/100*F286+Parametry!B33/100*F287+Parametry!B34/100*F288+Parametry!B34/100*F289+Parametry!B33/100*F290+Parametry!B34/100*F292 -> 15656.509
J8: =E8+H8 -> 0 | K8: =F8+I8 -> 0 | P8: =$P$1 -> 1.155 | Q8: =SUM(P8*O8) -> 0 | U8: =$U$1 -> 1.155 | V8: =SUM(U8*T8) -> 0
B9: Skříňový rozvaděč RH, volně stojící, přívod zdola, vývody shora, prostorová rezerva 30%, dle revize č.1 | C9: ks | D9: 1 | E9: =SUM(Q9) -> 324185.4 | F9: =D9*E9 -> 324185.4 | H9: =SUM(V9) -> 64837.08 | I9: =D9*H9 -> 64837.08 | J9: =E9+H9 -> 389022.48 | K9: =F9+I9 -> 389022.48 | O9: =SUM('[1]CN 177 2015'!$H$16) -> 280680 | P9: =$P$1 -> 1.155 | Q9: =SUM(P9*O9) -> 324185.4 | T9: =SUM(O9*0.2) -> 56136 | U9: =$U$1 -> 1.155 | V9: =SUM(U9*T9) -> 64837.08 | X9: =SUM(O9*D9) -> 280680 | Y9: =SUM(T9*D9) -> 56136
B10: MONTÁŽ ROZVADĚČŮ SKŘÍŇOVÝCH | X10: =SUM(O10*D10) -> 0 | Y10: =SUM(T10*D10) -> 0
B11: do 300 kg | C11: ks | D11: 5 | E11: =SUM(Q11) -> 0 | F11: =D11*E11 -> 0 | H11: =SUM(V11) -> 1386 | I11: =D11*H11 -> 6930 | J11: =E11+H11 -> 1386 | K11: =F11+I11 -> 6930 | P11: =$P$1 -> 1.155 | Q11: =SUM(P11*O11) -> 0 | T11: 1200 | U11: =$U$1 -> 1.155 | V11: =SUM(U11*T11) -> 1386 | X11: =SUM(O11*D11) -> 0 | Y11: =SUM(T11*D11) -> 6000
B12: Nástěnný rozvaděč R1, prostorová rezerva 30%, | C12: ks | D12: 1 | E12: =SUM(Q12) -> 5520.9 | F12: =D12*E12 -> 5520.9 | H12: =SUM(V12) -> 1380.225 | I12: =D12*H12 -> 1380.225 | J12: =E12+H12 -> 6901.125 | K12: =F12+I12 -> 6901.125 | O12: =SUM('[1]CN 177 2015'!$H$17) -> 4780 | P12: =$P$1 -> 1.155 | Q12: =SUM(P12*O12) -> 5520.9 | T12: =SUM(O12*0.25) -> 1195 | U12: =$U$1 -> 1.155 | V12: =SUM(U12*T12) -> 1380.225 | X12: =SUM(O12*D12) -> 4780 | Y12: =SUM(T12*D12) -> 1195
B13: MONTÁŽ ROZVODNIC | X13: =SUM(O13*D13) -> 0 | Y13: =SUM(T13*D13) -> 0
B14: do 50 kg | C14: ks | D14: 1 | E14: =SUM(Q14) -> 0 | F14: =D14*E14 -> 0 | H14: =SUM(V14) -> 750.75 | I14: =D14*H14 -> 750.75 | J14: =E14+H14 -> 750.75 | K14: =F14+I14 -> 750.75 | P14: =$P$1 -> 1.155 | Q14: =SUM(P14*O14) -> 0 | T14: 650 | U14: =$U$1 -> 1.155 | V14: =SUM(U14*T14) -> 750.75 | X14: =SUM(O14*D14) -> 0 | Y14: =SUM(T14*D14) -> 650
J15: =E15+H15 -> 0 | K15: =F15+I15 -> 0 | P15: =$P$1 -> 1.155 | Q15: =SUM(P15*O15) -> 0 | U15: =$U$1 -> 1.155 | V15: =SUM(U15*T15) -> 0 | X15: =SUM(O15*D15) -> 0 | Y15: =SUM(T15*D15) -> 0
B16: Rozvaděče - celkem | F16: =SUM(F8:F15) -> 329706.3 | I16: =SUM(I8:I15) -> 73898.055 | K16: =SUM(K8:K15) -> 403604.36 | X16: =SUM(O16*D16) -> 0 | Y16: =SUM(T16*D16) -> 0
J17: =E17+H17 -> 0 | K17: =F17+I17 -> 0 | X17: =SUM(O17*D17) -> 0 | Y17: =SUM(T17*D17) -> 0
B18: Svítidla | X18: =SUM(O18*D18) -> 0 | Y18: =SUM(T18*D18) -> 0
J19: =E19+H19 -> 0 | K19: =F19+I19 -> 0 | X19: =SUM(O19*D19) -> 0 | Y19: =SUM(T19*D19) -> 0
B20: POZNÁMKA: CENA SVÍTIDEL A PŘESNÉ POČTY NOSNÉHO SYSTÉMU BUDE UPŘESNĚNO FIRMOU THOME | J20: =E20+H20 -> 0 | K20: =F20+I20 -> 0 | X20: =SUM(O20*D20) -> 0 | Y20: =SUM(T20*D20) -> 0
J21: =E21+H21 -> 0 | K21: =F21+I21 -> 0 | X21: =SUM(O21*D21) -> 0 | Y21: =SUM(T21*D21) -> 0
B22: Svítidla hlavní + nouzová, Thome Lighting | C22: sada | D22: 1 | E22: =SUM(Q22) -> 0 | F22: =D22*E22 -> 0 | H22: =SUM(V22) -> 0 | I22: =D22*H22 -> 0 | J22: =E22+H22 -> 0 | K22: =F22+I22 -> 0 | P22: =$P$1 -> 1.155 | Q22: =SUM(P22*O22) -> 0 | U22: =$U$1 -> 1.155 | V22: =SUM(U22*T22) -> 0 | X22: =SUM(O22*D22) -> 0 | Y22: =SUM(T22*D22) -> 0
B23: Montáž modulového osvětlovacího systému se zapojením vodičů, ked světelných zdrojů, délky | X23: =SUM(O23*D23) -> 0 | Y23: =SUM(T23*D23) -> 0
B24: přes 1100 mm | C24: m | D24: 320 | E24: =SUM(Q24) -> 0 | F24: =D24*E24 -> 0 | H24: =SUM(V24) -> 69.3 | I24: =D24*H24 -> 22176 | J24: =E24+H24 -> 69.3 | K24: =F24+I24 -> 22176 | P24: =$P$1 -> 1.155 | Q24: =SUM(P24*O24) -> 0 | T24: 60 | U24: =$U$1 -> 1.155 | V24: =SUM(U24*T24) -> 69.3 | X24: =SUM(O24*D24) -> 0 | Y24: =SUM(T24*D24) -> 19200
B25: Montáž svítidel LED se zapojením vodičů - Modulový systém, A, A2, A2/N13, A3/N13, AS2, AS2/N13 | X25: =SUM(O25*D25) -> 0 | Y25: =SUM(T25*D25) -> 0
B26: 1 zdroj | C26: ks | D26: 137 | E26: =SUM(Q26) -> 0 | F26: =D26*E26 -> 0 | H26: =SUM(V26) -> 334.95 | I26: =D26*H26 -> 45888.15 | J26: =E26+H26 -> 334.95 | K26: =F26+I26 -> 45888.15 | P26: =$P$1 -> 1.155 | Q26: =SUM(P26*O26) -> 0 | T26: 290 | U26: =$U$1 -> 1.155 | V26: =SUM(U26*T26) -> 334.95 | X26: =SUM(O26*D26) -> 0 | Y26: =SUM(T26*D26) -> 39730
B27: Montáž LED svítidel se zapojením vodičů, vestavných - B, B+ | X27: =SUM(O27*D27) -> 0 | Y27: =SUM(T27*D27) -> 0
B28: 1 zdroj | C28: ks | D28: 23 | E28: =SUM(Q28) -> 0 | F28: =D28*E28 -> 0 | H28: =SUM(V28) -> 334.95 | I28: =D28*H28 -> 7703.85 | J28: =E28+H28 -> 334.95 | K28: =F28+I28 -> 7703.85 | T28: 290 | U28: =$U$1 -> 1.155 | V28: =SUM(U28*T28) -> 334.95 | X28: =SUM(O28*D28) -> 0 | Y28: =SUM(T28*D28) -> 6670
B29: Montáž svítidel LED se zapojením vodičů - 600x600mm, D++, D+ | X29: =SUM(O29*D29) -> 0 | Y29: =SUM(T29*D29) -> 0
B30: 1 zdroj | C30: ks | D30: 37 | E30: =SUM(Q30) -> 0 | F30: =D30*E30 -> 0 | H30: =SUM(V30) -> 334.95 | I30: =D30*H30 -> 12393.15 | J30: =E30+H30 -> 334.95 | K30: =F30+I30 -> 12393.15 | T30: 290 | U30: =$U$1 -> 1.155 | V30: =SUM(U30*T30) -> 334.95 | X30: =SUM(O30*D30) -> 0 | Y30: =SUM(T30*D30) -> 10730
B31: Montáž svítidel LED (DALI) se zapojením vodičů - 600x600mm, D1 | X31: =SUM(O31*D31) -> 0 | Y31: =SUM(T31*D31) -> 0
B32: 1 zdroj | C32: ks | D32: 25 | E32: =SUM(Q32) -> 0 | F32: =D32*E32 -> 0 | H32: =SUM(V32) -> 334.95 | I32: =D32*H32 -> 8373.75 | J32: =E32+H32 -> 334.95 | K32: =F32+I32 -> 8373.75 | T32: 290 | U32: =$U$1 -> 1.155 | V32: =SUM(U32*T32) -> 334.95 | X32: =SUM(O32*D32) -> 0 | Y32: =SUM(T32*D32) -> 7250
B33: Montáž LED svítidel se zapojením vodičů průmyslových stropních přisazených, E5, F, F1, H | X33: =SUM(O33*D33) -> 0 | Y33: =SUM(T33*D33) -> 0
B34: 1 zdroj | C34: ks | D34: 67 | E34: =SUM(Q34) -> 0 | F34: =D34*E34 -> 0 | H34: =SUM(V34) -> 334.95 | I34: =D34*H34 -> 22441.65 | J34: =E34+H34 -> 334.95 | K34: =F34+I34 -> 22441.65 | T34: 290 | U34: =$U$1 -> 1.155 | V34: =SUM(U34*T34) -> 334.95 | X34: =SUM(O34*D34) -> 0 | Y34: =SUM(T34*D34) -> 19430
B35: Montáž svítidel výbojkových se zapojením vodičů, průmyslových nebo venkovních, V1 | X35: =SUM(O35*D35) -> 0 | Y35: =SUM(T35*D35) -> 0
B36: na třmen | C36: ks | D36: 4 | E36: =SUM(Q36) -> 0 | F36: =D36*E36 -> 0 | H36: =SUM(V36) -> 519.75 | I36: =D36*H36 -> 2079 | J36: =E36+H36 -> 519.75 | K36: =F36+I36 -> 2079 | T36: 450 | U36: =$U$1 -> 1.155 | V36: =SUM(U36*T36) -> 519.75 | X36: =SUM(O36*D36) -> 0 | Y36: =SUM(T36*D36) -> 1800
B37: K - Nástěnné svítidlo Lucis Izar I LED 16W, l=600mm, bílá | C37: ks | D37: 4 | E37: =SUM(Q37) -> 0 | F37: =D37*E37 -> 0 | H37: =SUM(V37) -> 519.75 | I37: =D37*H37 -> 2079 | J37: =E37+H37 -> 519.75 | K37: =F37+I37 -> 2079 | T37: 450 | U37: =$U$1 -> 1.155 | V37: =SUM(U37*T37) -> 519.75 | X37: =SUM(O37*D37) -> 0 | Y37: =SUM(T37*D37) -> 1800
B38: Montáž svítidel LED se zapojením vodičů - K | X38: =SUM(O38*D38) -> 0 | Y38: =SUM(T38*D38) -> 0
B39: 1 zdroj | C39: ks | D39: 4 | E39: =SUM(Q39) -> 0 | F39: =D39*E39 -> 0 | H39: =SUM(V39) -> 334.95 | I39: =D39*H39 -> 1339.8 | J39: =E39+H39 -> 334.95 | K39: =F39+I39 -> 1339.8 | T39: 290 | U39: =$U$1 -> 1.155 | V39: =SUM(U39*T39) -> 334.95 | X39: =SUM(O39*D39) -> 0 | Y39: =SUM(T39*D39) -> 1160
B40: Montáž LED svítidel se zapojením vodičů, vestavných - N6, N8 | X40: =SUM(O40*D40) -> 0 | Y40: =SUM(T40*D40) -> 0
B41: 1 zdroj | C41: ks | D41: 9 | E41: =SUM(Q41) -> 0 | F41: =D41*E41 -> 0 | H41: =SUM(V41) -> 334.95 | I41: =D41*H41 -> 3014.55 | J41: =E41+H41 -> 334.95 | K41: =F41+I41 -> 3014.55 | T41: 290 | U41: =$U$1 -> 1.155 | V41: =SUM(U41*T41) -> 334.95 | X41: =SUM(O41*D41) -> 0 | Y41: =SUM(T41*D41) -> 2610
B42: Montáž LED svítidel se zapojením vodičů, přizazených - N1, N12 | X42: =SUM(O42*D42) -> 0 | Y42: =SUM(T42*D42) -> 0
B43: 1 zdroj | C43: ks | D43: 17 | E43: =SUM(Q43) -> 0 | F43: =D43*E43 -> 0 | H43: =SUM(V43) -> 334.95 | I43: =D43*H43 -> 5694.15 | J43: =E43+H43 -> 334.95 | K43: =F43+I43 -> 5694.15 | T43: 290 | U43: =$U$1 -> 1.155 | V43: =SUM(U43*T43) -> 334.95 | X43: =SUM(O43*D43) -> 0 | Y43: =SUM(T43*D43) -> 4930
B44: Montáž LED svítidel se zapojením vodičů, přizazených, s pikrogramem - P1 | X44: =SUM(O44*D44) -> 0 | Y44: =SUM(T44*D44) -> 0
B45: 1 zdroj | C45: ks | D45: 34 | E45: =SUM(Q45) -> 0 | F45: =D45*E45 -> 0 | H45: =SUM(V45) -> 334.95 | I45: =D45*H45 -> 11388.3 | J45: =E45+H45 -> 334.95 | K45: =F45+I45 -> 11388.3 | T45: 290 | U45: =$U$1 -> 1.155 | V45: =SUM(U45*T45) -> 334.95 | X45: =SUM(O45*D45) -> 0 | Y45: =SUM(T45*D45) -> 9860
J46: =E46+H46 -> 0 | K46: =F46+I46 -> 0 | X46: =SUM(O46*D46) -> 0 | Y46: =SUM(T46*D46) -> 0
B47: Svítidla - celkem | F47: =SUM(F19:F46) -> 0 | I47: =SUM(I19:I46) -> 144571.35 | K47: =SUM(K19:K46) -> 144571.35 | X47: =SUM(O47*D47) -> 0 | Y47: =SUM(T47*D47) -> 0
J48: =E48+H48 -> 0 | K48: =F48+I48 -> 0 | X48: =SUM(O48*D48) -> 0 | Y48: =SUM(T48*D48) -> 0
B49: Elektrické vytápění | X49: =SUM(O49*D49) -> 0 | Y49: =SUM(T49*D49) -> 0
J50: =E50+H50 -> 0 | K50: =F50+I50 -> 0 | X50: =SUM(O50*D50) -> 0 | Y50: =SUM(T50*D50) -> 0
B51: ELEKTRICKÝ PŘÍMOTOP | X51: =SUM(O51*D51) -> 0 | Y51: =SUM(T51*D51) -> 0
A52: 8502200050 | B52: STIEBEL Konvektor nást. CWM 500 U | C52: ks | D52: 2 | E52: =SUM(Q52) -> 2172.4395 | F52: =D52*E52 -> 4344.879 | H52: =SUM(V52) -> 404.25 | I52: =D52*H52 -> 808.5 | J52: =E52+H52 -> 2576.6895 | K52: =F52+I52 -> 5153.379 | O52: =SUM([2]List1!$E$6:$E$7) -> 1880.9 | P52: =$P$1 -> 1.155 | Q52: =SUM(P52*O52) -> 2172.4395 | T52: 350 | U52: =$U$1 -> 1.155 | V52: =SUM(U52*T52) -> 404.25 | X52: =SUM(O52*D52) -> 3761.8 | Y52: =SUM(T52*D52) -> 700
A53: 8502200053 | B53: STIEBEL Konvektor nást. CWM 750 U | C53: ks | D53: 1 | E53: =SUM(Q53) -> 1851.7933 | F53: =D53*E53 -> 1851.7933 | H53: =SUM(V53) -> 404.25 | I53: =D53*H53 -> 404.25 | J53: =E53+H53 -> 2256.0433 | K53: =F53+I53 -> 2256.0433 | O53: =SUM([3]Rozpočet!$V$11) -> 1603.2842 | P53: =$P$1 -> 1.155 | Q53: =SUM(P53*O53) -> 1851.7933 | T53: 350 | U53: =$U$1 -> 1.155 | V53: =SUM(U53*T53) -> 404.25 | X53: =SUM(O53*D53) -> 1603.2842 | Y53: =SUM(T53*D53) -> 350
A54: 8502200054 | B54: STIEBEL Konvektor nást. CWM 1000 U | C54: ks | D54: 1 | E54: =SUM(Q54) -> 2380.3395 | F54: =D54*E54 -> 2380.3395 | H54: =SUM(V54) -> 404.25 | I54: =D54*H54 -> 404.25 | J54: =E54+H54 -> 2784.5895 | K54: =F54+I54 -> 2784.5895 | O54: =SUM([2]List1!$E$10:$E$11) -> 2060.9 | P54: =$P$1 -> 1.155 | Q54: =SUM(P54*O54) -> 2380.3395 | T54: 350 | U54: =$U$1 -> 1.155 | V54: =SUM(U54*T54) -> 404.25 | X54: =SUM(O54*D54) -> 2060.9 | Y54: =SUM(T54*D54) -> 350
B55: REGULÁTOR TEPLOTY | X55: =SUM(O55*D55) -> 0 | Y55: =SUM(T55*D55) -> 0
A56: 8500193780 | B56: FENIX Termostat TFT dotykový podlah.sonda pro rohož | C56: ks | D56: 4 | E56: =SUM(Q56) -> 1746.0196 | F56: =D56*E56 -> 6984.0783 | H56: =SUM(V56) -> 219.45 | I56: =D56*H56 -> 877.8 | J56: =E56+H56 -> 1965.4696 | K56: =F56+I56 -> 7861.8783 | O56: =SUM([3]Rozpočet!$V$14) -> 1511.7053 | P56: =$P$1 -> 1.155 | Q56: =SUM(P56*O56) -> 1746.0196 | T56: 190 | U56: =$U$1 -> 1.155 | V56: =SUM(U56*T56) -> 219.45 | X56: =SUM(O56*D56) -> 6046.8211 | Y56: =SUM(T56*D56) -> 760
B57: TOPNÝ ŽEBŘÍK | X57: =SUM(O57*D57) -> 0 | Y57: =SUM(T57*D57) -> 0
A58: 8500196400 | B58: FENIX Žebřík koupelnový rovný KD-E 750x1680mm; 900W | C58: ks | D58: 1 | E58: =SUM(Q58) -> 3637.4233 | F58: =D58*E58 -> 3637.4233 | H58: =SUM(V58) -> 635.25 | I58: =D58*H58 -> 635.25 | J58: =E58+H58 -> 4272.6733 | K58: =F58+I58 -> 4272.6733 | O58: 3149.2842 | P58: =$P$1 -> 1.155 | Q58: =SUM(P58*O58) -> 3637.4233 | T58: 550 | U58: =$U$1 -> 1.155 | V58: =SUM(U58*T58) -> 635.25 | X58: =SUM(O58*D58) -> 3149.2842 | Y58: =SUM(T58*D58) -> 550
A59: 8500193770 | B59: FENIX Termostat zásuvkový HT-600 programovatelný | C59: ks | D59: 1 | E59: =SUM(Q59) -> 1138.368 | F59: =D59*E59 -> 1138.368 | H59: =SUM(V59) -> 173.25 | I59: =D59*H59 -> 173.25 | J59: =E59+H59 -> 1311.618 | K59: =F59+I59 -> 1311.618 | O59: 985.6 | P59: =$P$1 -> 1.155 | Q59: =SUM(P59*O59) -> 1138.368 | T59: 150 | U59: =$U$1 -> 1.155 | V59: =SUM(U59*T59) -> 173.25 | X59: =SUM(O59*D59) -> 985.6 | Y59: =SUM(T59*D59) -> 150
A60: 8500194070 | B60: FENIX Sada stěnových úchytů pro topné žebříky K(D)-E | C60: bal. | D60: 1 | E60: =SUM(Q60) -> 203.40158 | F60: =D60*E60 -> 203.40158 | H60: =SUM(V60) -> 231 | I60: =D60*H60 -> 231 | J60: =E60+H60 -> 434.40158 | K60: =F60+I60 -> 434.40158 | O60: 176.10526 | P60: =$P$1 -> 1.155 | Q60: =SUM(P60*O60) -> 203.40158 | T60: 200 | U60: =$U$1 -> 1.155 | V60: =SUM(U60*T60) -> 231 | X60: =SUM(O60*D60) -> 176.10526 | Y60: =SUM(T60*D60) -> 200
J61: =E61+H61 -> 0 | K61: =F61+I61 -> 0 | X61: =SUM(O61*D61) -> 0 | Y61: =SUM(T61*D61) -> 0
B62: Elektrické vytápění - celkem | F62: =SUM(F50:F61) -> 20540.283 | I62: =SUM(I50:I61) -> 3534.3 | K62: =SUM(K50:K61) -> 24074.583 | X62: =SUM(O62*D62) -> 0 | Y62: =SUM(T62*D62) -> 0
J63: =E63+H63 -> 0 | K63: =F63+I63 -> 0 | X63: =SUM(O63*D63) -> 0 | Y63: =SUM(T63*D63) -> 0
B64: Zásuvky, spínače, krabice | X64: =SUM(O64*D64) -> 0 | Y64: =SUM(T64*D64) -> 0
J65: =E65+H65 -> 0 | K65: =F65+I65 -> 0 | X65: =SUM(O65*D65) -> 0 | Y65: =SUM(T65*D65) -> 0
B66: PARAPETNÍ, ZÁSUVKY, PROFIL 45, BARVA BÍLÁ | X66: =SUM(O66*D66) -> 0 | Y66: =SUM(T66*D66) -> 0
A67: 8500202296 | B67: LEGRAND Zásuvka 1nás PO AS MOSAIC bílá | C67: ks | D67: 18 | E67: =SUM(Q67) -> 659.97855 | F67: =D67*E67 -> 11879.614 | H67: =SUM(V67) -> 103.95 | I67: =D67*H67 -> 1871.1 | J67: =E67+H67 -> 763.92855 | K67: =F67+I67 -> 13750.714 | O67: =SUM([2]List1!$E$19) -> 571.41 | P67: =$P$1 -> 1.155 | Q67: =SUM(P67*O67) -> 659.97855 | T67: 90 | U67: =$U$1 -> 1.155 | V67: =SUM(U67*T67) -> 103.95 | X67: =SUM(O67*D67) -> 10285.38 | Y67: =SUM(T67*D67) -> 1620
B68: PODLAHOVÉ KRABICE, ZÁSUVKY, PŘÍSLUŠENSTVÍ | X68: =SUM(O68*D68) -> 0 | Y68: =SUM(T68*D68) -> 0
A69: 8500210049 | B69: LEGRAND Krabice podlahová uni 18M horizontální | C69: ks | D69: 11 | E69: =SUM(Q69) -> 1066.4905 | F69: =D69*E69 -> 11731.396 | H69: =SUM(V69) -> 635.25 | I69: =D69*H69 -> 6987.75 | J69: =E69+H69 -> 1701.7405 | K69: =F69+I69 -> 18719.146 | O69: 923.36842 | P69: =$P$1 -> 1.155 | Q69: =SUM(P69*O69) -> 1066.4905 | T69: 550 | U69: =$U$1 -> 1.155 | V69: =SUM(U69*T69) -> 635.25 | X69: =SUM(O69*D69) -> 10157.053 | Y69: =SUM(T69*D69) -> 6050
A70: 8500210043 | B70: LEGRAND Univerzální kryt 12/18M plastový | C70: ks | D70: 11 | E70: =SUM(Q70) -> 661.63263 | F70: =D70*E70 -> 7277.9589 | H70: =SUM(V70) -> 173.25 | I70: =D70*H70 -> 1905.75 | J70: =E70+H70 -> 834.88263 | K70: =F70+I70 -> 9183.7089 | O70: 572.84211 | P70: =$P$1 -> 1.155 | Q70: =SUM(P70*O70) -> 661.63263 | T70: 150 | U70: =$U$1 -> 1.155 | V70: =SUM(U70*T70) -> 173.25 | X70: =SUM(O70*D70) -> 6301.2632 | Y70: =SUM(T70*D70) -> 1650
A71: 8501510980 | B71: LEGRAND Krabice instalační do betonu 12/18M plast | C71: ks | D71: 11 | E71: =SUM(Q71) -> 875.36842 | F71: =D71*E71 -> 9629.0526 | H71: =SUM(V71) -> 404.25 | I71: =D71*H71 -> 4446.75 | J71: =E71+H71 -> 1279.6184 | K71: =F71+I71 -> 14075.803 | O71: 757.89474 | P71: =$P$1 -> 1.155 | Q71: =SUM(P71*O71) -> 875.36842 | T71: 350 | U71: =$U$1 -> 1.155 | V71: =SUM(U71*T71) -> 404.25 | X71: =SUM(O71*D71) -> 8336.8421 | Y71: =SUM(T71*D71) -> 3850
A72: 8500224930 | B72: LEGRAND Zásuvka 1nás AS MOSAIC bílá | C72: ks | D72: 53 | E72: =SUM(Q72) -> 72.217895 | F72: =D72*E72 -> 3827.5484 | H72: =SUM(V72) -> 103.95 | I72: =D72*H72 -> 5509.35 | J72: =E72+H72 -> 176.16789 | K72: =F72+I72 -> 9336.8984 | O72: 62.526316 | P72: =$P$1 -> 1.155 | Q72: =SUM(P72*O72) -> 72.217895 | T72: 90 | U72: =$U$1 -> 1.155 | V72: =SUM(U72*T72) -> 103.95 | X72: =SUM(O72*D72) -> 3313.8947 | Y72: =SUM(T72*D72) -> 4770
A73: 8500202296 | B73: LEGRAND Zásuvka 1nás PO AS MOSAIC bílá | C73: ks | D73: 11 | E73: =SUM(Q73) -> 925.70211 | F73: =D73*E73 -> 10182.723 | H73: =SUM(V73) -> 103.95 | I73: =D73*H73 -> 1143.45 | J73: =E73+H73 -> 1029.6521 | K73: =F73+I73 -> 11326.173 | O73: 801.47368 | P73: =$P$1 -> 1.155 | Q73: =SUM(P73*O73) -> 925.70211 | T73: 90 | U73: =$U$1 -> 1.155 | V73: =SUM(U73*T73) -> 103.95 | X73: =SUM(O73*D73) -> 8816.2105 | Y73: =SUM(T73*D73) -> 990
B74: ZÁSUVKA, HAGER, IP20, BARVA ANTRACIT MAT, DVOJNÁSOBNÁ | X74: =SUM(O74*D74) -> 0 | Y74: =SUM(T74*D74) -> 0
A75: 8500303216 | B75: Strojek zásuvky 16A 250V BERKER bezšr. | C75: ks | D75: 4 | E75: =SUM(Q75) -> 45.988871 | F75: =D75*E75 -> 183.95548 | H75: =SUM(V75) -> 103.95 | I75: =D75*H75 -> 415.8 | J75: =E75+H75 -> 149.93887 | K75: =F75+I75 -> 599.75548 | O75: 39.817204 | P75: =$P$1 -> 1.155 | Q75: =SUM(P75*O75) -> 45.988871 | T75: 90 | U75: =$U$1 -> 1.155 | V75: =SUM(U75*T75) -> 103.95 | X75: =SUM(O75*D75) -> 159.26882 | Y75: =SUM(T75*D75) -> 360
A76: 8500700642 | B76: Rámeček 2nás BERKER S.1 antracit mat | C76: ks | D76: 2 | E76: =SUM(Q76) -> 103.97484 | F76: =D76*E76 -> 207.94968 | H76: =SUM(V76) -> 11.55 | I76: =D76*H76 -> 23.1 | J76: =E76+H76 -> 115.52484 | K76: =F76+I76 -> 231.04968 | O76: 90.021505 | P76: =$P$1 -> 1.155 | Q76: =SUM(P76*O76) -> 103.97484 | T76: 10 | U76: =$U$1 -> 1.155 | V76: =SUM(U76*T76) -> 11.55 | X76: =SUM(O76*D76) -> 180.04301 | Y76: =SUM(T76*D76) -> 20
A77: 8500303308 | B77: Cent.díl pro zásuvku zem.kolík BERKER S.1/B.x antracit mat | C77: ks | D77: 4 | E77: =SUM(Q77) -> 65.487258 | F77: =D77*E77 -> 261.94903 | H77: =SUM(V77) -> 5.775 | I77: =D77*H77 -> 23.1 | J77: =E77+H77 -> 71.262258 | K77: =F77+I77 -> 285.04903 | L77: doplněny 2 ks | O77: 56.698925 | P77: =$P$1 -> 1.155 | Q77: =SUM(P77*O77) -> 65.487258 | T77: 5 | U77: =$U$1 -> 1.155 | V77: =SUM(U77*T77) -> 5.775 | X77: =SUM(O77*D77) -> 226.7957 | Y77: =SUM(T77*D77) -> 20
B78: ZÁSUVKA, HAGER, IP20, BARVA BÍLÁ/LESK, JEDNONÁSOBNÁ | X78: =SUM(O78*D78) -> 0 | Y78: =SUM(T78*D78) -> 0
A79: 8500303216 | B79: Strojek zásuvky 16A 250V BERKER bezšr. | C79: ks | D79: 7 | E79: =SUM(Q79) -> 45.988871 | F79: =D79*E79 -> 321.9221 | H79: =SUM(V79) -> 103.95 | I79: =D79*H79 -> 727.65 | J79: =E79+H79 -> 149.93887 | K79: =F79+I79 -> 1049.5721 | O79: 39.817204 | P79: =$P$1 -> 1.155 | Q79: =SUM(P79*O79) -> 45.988871 | T79: 90 | U79: =$U$1 -> 1.155 | V79: =SUM(U79*T79) -> 103.95 | X79: =SUM(O79*D79) -> 278.72043 | Y79: =SUM(T79*D79) -> 630
A80: 8500303230 | B80: Rámeček 1nás BERKER S1 bílá/lesk | C80: ks | D80: 7 | E80: =SUM(Q80) -> 21.497903 | F80: =D80*E80 -> 150.48532 | H80: =SUM(V80) -> 11.55 | I80: =D80*H80 -> 80.85 | J80: =E80+H80 -> 33.047903 | K80: =F80+I80 -> 231.33532 | O80: 18.612903 | P80: =$P$1 -> 1.155 | Q80: =SUM(P80*O80) -> 21.497903 | T80: 10 | U80: =$U$1 -> 1.155 | V80: =SUM(U80*T80) -> 11.55 | X80: =SUM(O80*D80) -> 130.29032 | Y80: =SUM(T80*D80) -> 70
A81: 8500303306 | B81: Cent.díl pro zásuvku zem.kolík BERKER S.1/B.x bílá/lesk | C81: ks | D81: 7 | E81: =SUM(Q81) -> 35.99129 | F81: =D81*E81 -> 251.93903 | H81: =SUM(V81) -> 5.775 | I81: =D81*H81 -> 40.425 | J81: =E81+H81 -> 41.76629 | K81: =F81+I81 -> 292.36403 | O81: 31.16129 | P81: =$P$1 -> 1.155 | Q81: =SUM(P81*O81) -> 35.99129 | T81: 5 | U81: =$U$1 -> 1.155 | V81: =SUM(U81*T81) -> 5.775 | X81: =SUM(O81*D81) -> 218.12903 | Y81: =SUM(T81*D81) -> 35
B82: ZÁSUVKA, HAGER, IP20, BARVA BÍLÁ/LESK, JEDNONÁSOBNÁ, PŘEP. OCHRANA | X82: =SUM(O82*D82) -> 0 | Y82: =SUM(T82*D82) -> 0
A83: 8500700980 | B83: 3965768999SP Zásuvka se zemnícím kolíkem + SP | C83: ks | D83: 5 | E83: =SUM(Q83) -> 713.8521 | F83: =D83*E83 -> 3569.2605 | H83: =SUM(V83) -> 103.95 | I83: =D83*H83 -> 519.75 | J83: =E83+H83 -> 817.8021 | K83: =F83+I83 -> 4089.0105 | O83: 618.05376 | P83: =$P$1 -> 1.155 | Q83: =SUM(P83*O83) -> 713.8521 | T83: 90 | U83: =$U$1 -> 1.155 | V83: =SUM(U83*T83) -> 103.95 | X83: =SUM(O83*D83) -> 3090.2688 | Y83: =SUM(T83*D83) -> 450
A84: 8500303230 | B84: Rámeček 1nás BERKER S1 bílá/lesk | C84: ks | D84: 5 | E84: =SUM(Q84) -> 21.497903 | F84: =D84*E84 -> 107.48952 | H84: =SUM(V84) -> 11.55 | I84: =D84*H84 -> 57.75 | J84: =E84+H84 -> 33.047903 | K84: =F84+I84 -> 165.23952 | O84: 18.612903 | P84: =$P$1 -> 1.155 | Q84: =SUM(P84*O84) -> 21.497903 | T84: 10 | U84: =$U$1 -> 1.155 | V84: =SUM(U84*T84) -> 11.55 | X84: =SUM(O84*D84) -> 93.064516 | Y84: =SUM(T84*D84) -> 50
A85: 8500303306 | B85: Cent.díl pro zásuvku zem.kolík BERKER S.1/B.x bílá/lesk | C85: ks | D85: 5 | E85: =SUM(Q85) -> 0 | F85: =D85*E85 -> 0 | H85: =SUM(V85) -> 0 | I85: =D85*H85 -> 0 | J85: =E85+H85 -> 0 | K85: =F85+I85 -> 0 | L85: není potřeba | P85: =$P$1 -> 1.155 | Q85: =SUM(P85*O85) -> 0 | U85: =$U$1 -> 1.155 | V85: =SUM(U85*T85) -> 0 | X85: =SUM(O85*D85) -> 0 | Y85: =SUM(T85*D85) -> 0
B86: ZÁSUVKA, HAGER, IP20, BARVA BÍLÁ/LESK, DVOJNÁSOBNÁ | X86: =SUM(O86*D86) -> 0 | Y86: =SUM(T86*D86) -> 0
A87: 8500303216 | B87: Strojek zásuvky 16A 250V BERKER bezšr. | C87: ks | D87: 10 | E87: =SUM(Q87) -> 45.988871 | F87: =D87*E87 -> 459.88871 | H87: =SUM(V87) -> 103.95 | I87: =D87*H87 -> 1039.5 | J87: =E87+H87 -> 149.93887 | K87: =F87+I87 -> 1499.3887 | O87: 39.817204 | P87: =$P$1 -> 1.155 | Q87: =SUM(P87*O87) -> 45.988871 | T87: 90 | U87: =$U$1 -> 1.155 | V87: =SUM(U87*T87) -> 103.95 | X87: =SUM(O87*D87) -> 398.17204 | Y87: =SUM(T87*D87) -> 900
A88: 8500303231 | B88: Rámeček 2nás BERKER S1 bílá/lesk | C88: ks | D88: 5 | E88: =SUM(Q88) -> 33.495 | F88: =D88*E88 -> 167.475 | H88: =SUM(V88) -> 11.55 | I88: =D88*H88 -> 57.75 | J88: =E88+H88 -> 45.045 | K88: =F88+I88 -> 225.225 | O88: 29 | P88: =$P$1 -> 1.155 | Q88: =SUM(P88*O88) -> 33.495 | T88: 10 | U88: =$U$1 -> 1.155 | V88: =SUM(U88*T88) -> 11.55 | X88: =SUM(O88*D88) -> 145 | Y88: =SUM(T88*D88) -> 50
A89: 8500303306 | B89: Cent.díl pro zásuvku zem.kolík BERKER S.1/B.x bílá/lesk | C89: ks | D89: 10 | E89: =SUM(Q89) -> 35.99129 | F89: =D89*E89 -> 359.9129 | H89: =SUM(V89) -> 5.775 | I89: =D89*H89 -> 57.75 | J89: =E89+H89 -> 41.76629 | K89: =F89+I89 -> 417.6629 | O89: 31.16129 | P89: =$P$1 -> 1.155 | Q89: =SUM(P89*O89) -> 35.99129 | T89: 5 | U89: =$U$1 -> 1.155 | V89: =SUM(U89*T89) -> 5.775 | X89: =SUM(O89*D89) -> 311.6129 | Y89: =SUM(T89*D89) -> 50
B90: ZÁSUVKA, HAGER, IP20, BARVA ANTRACIT/SAMET, JEDNONÁSOBNÁ | X90: =SUM(O90*D90) -> 0 | Y90: =SUM(T90*D90) -> 0
A91: 8500303216 | B91: Strojek zásuvky 16A 250V BERKER bezšr. | C91: ks | D91: 2 | E91: =SUM(Q91) -> 45.988871 | F91: =D91*E91 -> 91.977742 | H91: =SUM(V91) -> 103.95 | I91: =D91*H91 -> 207.9 | J91: =E91+H91 -> 149.93887 | K91: =F91+I91 -> 299.87774 | O91: 39.817204 | P91: =$P$1 -> 1.155 | Q91: =SUM(P91*O91) -> 45.988871 | T91: 90 | U91: =$U$1 -> 1.155 | V91: =SUM(U91*T91) -> 103.95 | X91: =SUM(O91*D91) -> 79.634409 | Y91: =SUM(T91*D91) -> 180
A92: 8500303251 | B92: Rámeček 1 2 nás BERKER Q.3 antracit/samet | C92: ks | D92: 1 | E92: =SUM(Q92) -> 105.47758 | F92: =D92*E92 -> 105.47758 | H92: =SUM(V92) -> 11.55 | I92: =D92*H92 -> 11.55 | J92: =E92+H92 -> 117.02758 | K92: =F92+I92 -> 117.02758 | L92: upraveno | O92: 91.322581 | P92: =$P$1 -> 1.155 | Q92: =SUM(P92*O92) -> 105.47758 | T92: 10 | U92: =$U$1 -> 1.155 | V92: =SUM(U92*T92) -> 11.55 | X92: =SUM(O92*D92) -> 91.322581 | Y92: =SUM(T92*D92) -> 10
B93: HAGER Cent.díl pro zásuvku BERKER Q.x antracit/samet | C93: ks | D93: 2 | E93: =SUM(Q93) -> 72.479355 | F93: =D93*E93 -> 144.95871 | H93: =SUM(V93) -> 5.775 | I93: =D93*H93 -> 11.55 | J93: =E93+H93 -> 78.254355 | K93: =F93+I93 -> 156.50871 | L93: upraveno | O93: 62.752688 | P93: =$P$1 -> 1.155 | Q93: =SUM(P93*O93) -> 72.479355 | T93: 5 | U93: =$U$1 -> 1.155 | V93: =SUM(U93*T93) -> 5.775 | X93: =SUM(O93*D93) -> 125.50538 | Y93: =SUM(T93*D93) -> 10
B94: ZÁSUVKA, HAGER, IP20, BARVA BÍLÁ/SAMET, JEDNONÁSOBNÁ | X94: =SUM(O94*D94) -> 0 | Y94: =SUM(T94*D94) -> 0
A95: 8500303216 | B95: Strojek zásuvky 16A 250V BERKER bezšr. | C95: ks | D95: 22 | E95: =SUM(Q95) -> 45.988871 | F95: =D95*E95 -> 1011.7552 | H95: =SUM(V95) -> 103.95 | I95: =D95*H95 -> 2286.9 | J95: =E95+H95 -> 149.93887 | K95: =F95+I95 -> 3298.6552 | O95: 39.817204 | P95: =$P$1 -> 1.155 | Q95: =SUM(P95*O95) -> 45.988871 | T95: 90 | U95: =$U$1 -> 1.155 | V95: =SUM(U95*T95) -> 103.95 | X95: =SUM(O95*D95) -> 875.97849 | Y95: =SUM(T95*D95) -> 1980
A96: 8500303252 | B96: Rámeček 1nás BERKER Q.3 bílá/samet | C96: ks | D96: 22 | E96: =SUM(Q96) -> 65.984032 | F96: =D96*E96 -> 1451.6487 | H96: =SUM(V96) -> 11.55 | I96: =D96*H96 -> 254.1 | J96: =E96+H96 -> 77.534032 | K96: =F96+I96 -> 1705.7487 | O96: 57.129032 | P96: =$P$1 -> 1.155 | Q96: =SUM(P96*O96) -> 65.984032 | T96: 10 | U96: =$U$1 -> 1.155 | V96: =SUM(U96*T96) -> 11.55 | X96: =SUM(O96*D96) -> 1256.8387 | Y96: =SUM(T96*D96) -> 220
A97: 8500303274 | B97: Cent.díl pro zásuvku BERKER Q.x bílá/samet | C97: ks | D97: 22 | E97: =SUM(Q97) -> 72.479355 | F97: =D97*E97 -> 1594.5458 | H97: =SUM(V97) -> 5.775 | I97: =D97*H97 -> 127.05 | J97: =E97+H97 -> 78.254355 | K97: =F97+I97 -> 1721.5958 | O97: 62.752688 | P97: =$P$1 -> 1.155 | Q97: =SUM(P97*O97) -> 72.479355 | T97: 5 | U97: =$U$1 -> 1.155 | V97: =SUM(U97*T97) -> 5.775 | X97: =SUM(O97*D97) -> 1380.5591 | Y97: =SUM(T97*D97) -> 110
B98: ZÁSUVKA, HAGER, IP20, BARVA BÍLÁ/SAMET, DVOJNÁSOBNÁ | X98: =SUM(O98*D98) -> 0 | Y98: =SUM(T98*D98) -> 0
A99: 8500303216 | B99: Strojek zásuvky 16A 250V BERKER bezšr. | C99: ks | D99: 18 | E99: =SUM(Q99) -> 45.988871 | F99: =D99*E99 -> 827.79968 | H99: =SUM(V99) -> 103.95 | I99: =D99*H99 -> 1871.1 | J99: =E99+H99 -> 149.93887 | K99: =F99+I99 -> 2698.8997 | O99: 39.817204 | P99: =$P$1 -> 1.155 | Q99: =SUM(P99*O99) -> 45.988871 | T99: 90 | U99: =$U$1 -> 1.155 | V99: =SUM(U99*T99) -> 103.95 | X99: =SUM(O99*D99) -> 716.70968 | Y99: =SUM(T99*D99) -> 1620
A100: 8500303254 | B100: Rámeček 2nás BERKER Q.3 bílá/samet | C100: ks | D100: 9 | E100: =SUM(Q100) -> 105.47758 | F100: =D100*E100 -> 949.29823 | H100: =SUM(V100) -> 11.55 | I100: =D100*H100 -> 103.95 | J100: =E100+H100 -> 117.02758 | K100: =F100+I100 -> 1053.2482 | O100: 91.322581 | P100: =$P$1 -> 1.155 | Q100: =SUM(P100*O100) -> 105.47758 | T100: 10 | U100: =$U$1 -> 1.155 | V100: =SUM(U100*T100) -> 11.55 | X100: =SUM(O100*D100) -> 821.90323 | Y100: =SUM(T100*D100) -> 90
...

Sheet Parametry
A1: Název | B1: Hodnota
A2: Nadpis rekapitulace | B2: Seznam prací a dodávek elektrotechnických zařízení
A3: Akce | B3: PRODEJNA PRO DŮM A ZAHRADU,_x000D_ ULICE LOMSKÁ. LITVÍNOV
A4: Projekt | B4: D.1.4.3 Zařízení silnoproudé elektrotechniky
A5: Investor | B5: DEKINVEST, investiční fond s proměnným základním kapitálem, a.s. Tiskařská 257/10, 108 00 Praha 10
A6: Z. č. | B6: 2017-24-05
A7: A. č. | B7: 24438
A8: Smlouva | B8: Revize č.2: 28.12.2024 - položka označené červeně
A9: Vypracoval | B9: Martin Zeman
A10: Kontroloval | B10: Martin Zeman
A11: Datum | B11: 10.4.2021
A12: Zpracovatel | B12: Martin Zeman, Zašovská 256, Valašské Meziříčí
... A32: 2. sazba DPH % | B32: 15
A33: Procento PM % 1 | B33: 1
A34: Procento PM % 2 | B34: 5
