Workbook

Sheet Rekapitulace
A1: Název | B1: Hodnota A | C1: Hodnota B
A2: Základní náklady
A3: Dodávka | B3: =0 -> 0
A4: Doprava 3,60%, Přesun 1,00% | B4: =B3 * Parametry!B16 / 100 -> 0 | C4: =B3 * Parametry!B17 / 100 -> 0
A5: Montáž - materiál | C5: =(Rozpočet!F316) + 0 -> 1543166
A6: Montáž - práce | C6: =0 + (Rozpočet!H316) + 0 -> 1961710.4
A7: Mezisoučet 1 | B7: =B3 + B4 -> 0 | C7: =C3 + C4 + C5 + C6 -> 3504876.4
A8: PPV 1,00% z montáže: materiál + práce | C8: =(C5 + C6) * Parametry!B18 / 100 -> #VALUE!
A9: Nátěry | C9: =0 + 0 -> 0
A10: Zemní práce | C10: =(Rozpočet!F325) + (Rozpočet!H325) -> 0
A11: PPV 0,00% z nátěrů a zemních prací | C11: =(C9 + C10) * Parametry!B19 / 100 -> 0
A12: Mezisoučet 2 | B12: =B7 -> 0 | C12: =C7 + C8 + C9 + C10 + C11 -> #VALUE!
A13: Dodav. dokumentace 0,00% z mezisoučtu 2 | C13: =(B12 + C12) * Parametry!B20 / 100 -> #VALUE!
A14: Rizika a pojištění 0,00% z mezisoučtu 2 | C14: =(B12 + C12) * Parametry!B21 / 100 -> #VALUE!
A15: Opravy v záruce 0,00% z mezisoučtu 1 | C15: =(B7 + C7) * Parametry!B22 / 100 -> #VALUE!
A16: Základní náklady celkem | C16: =B12 + C12 + C13 + C14 + C15 -> #VALUE!
A18: Vedlejší náklady
A19: GZS 0,00% z pravé strany mezisoučtu 2 | C19: =C12 * Parametry!B23 / 100 -> #VALUE!
A20: Provozní vlivy 0,00% z pravé strany mezisoučtu 2 | C20: =C12 * Parametry!B24 / 100 -> #VALUE!
A21: Vedlejší náklady celkem | C21: =C19 + C20 -> #VALUE!
A22: Kompletační činnost | C22: =Parametry!B25 * Parametry!B28 * (C16 * Parametry!B27)^Parametry!B26 -> #VALUE!
A24: Náklady celkem bez DPH | C24: =C16 + C21 + C22 -> #VALUE!
A26: Součty odstavců | B26: Materiál | C26: Montáž
A27: Elektromontáže | B27: =(Rozpočet!F316) -> 1543166 | C27: =(Rozpočet!H316) -> 1961710.4
A28: D.1.4.5 - Silnoproudá elektrotechnika | B28: =(Rozpočet!F313) -> 1543166 | C28: =(Rozpočet!H313) -> 1961710.4
A29: Rozvaděče | B29: =(Rozpočet!F14) -> 487255 | C29: =(Rozpočet!H14) -> 109858.8
A30: Svítidla | B30: =(Rozpočet!F48) -> 0 | C30: =(Rozpočet!H48) -> 246089.4
A31: Elektrické vytápění | B31: =(Rozpočet!F66) -> 40855.118 | C31: =(Rozpočet!H66) -> 10572
A32: Zásuvky, spínače, krabice | B32: =(Rozpočet!F140) -> 192719.47 | C32: =(Rozpočet!H140) -> 143568
A33: Ovládací skříně | B33: =(Rozpočet!F144) -> 4542.5 | C33: =(Rozpočet!H144) -> 2040
A34: Kabely | B34: =(Rozpočet!F165) -> 372113.19 | C34: =(Rozpočet!H165) -> 412428
A35: Ukončení vodičů | B35: =(Rozpočet!F179) -> 1959.025 | C35: =(Rozpočet!H179) -> 102132
A36: Kabelové trasy, nosné konstrukce | B36: =(Rozpočet!F220) -> 258302.49 | C36: =(Rozpočet!H220) -> 215071.2
A37: Protipožární zabezpečení | B37: =(Rozpočet!F230) -> 0 | C37: =(Rozpočet!H230) -> 0
A38: Hromosvod a uzemnění | B38: =(Rozpočet!F270) -> 155439.55 | C38: =(Rozpočet!H270) -> 261420
A39: Uzemnění pospojování | B39: =(Rozpočet!F291) -> 20779.646 | C39: =(Rozpočet!H291) -> 41226
A40: Revize | B40: =(Rozpočet!F298) -> 0 | C40: =(Rozpočet!H298) -> 67800
A41: Ostatní | B41: =(Rozpočet!F311) -> 9200 | C41: =(Rozpočet!H311) -> 349505
A42: Zemní práce | B42: =(Rozpočet!F325) -> 0 | C42: =(Rozpočet!H325) -> 0

Sheet Rozpočet
A1: Věta | B1: Název | C1: Mj | D1: Počet | E1: Materiál | F1: Materiál celkem | G1: Montáž | H1: Montáž celkem | I1: Cena | J1: Cena celkem | K1: Poznámka | M1: =Parametry!B33/100*F10+Parametry!B33/100*F13+Parametry!B34/100*F21+Parametry!B33/100*F23+Parametry!B34/100*F25+Parametry!B33/100*F27+Parametry!B33/100*F29+Parametry!B34/100*F31+Parametry!B34/100*F32+Parametry!B34/100*F34+Parametry!B34/100*F36+Parametry!B33/100*F38+Parametry!B33/100*F40+Parametry!B34/100*F42+Parametry!B34/100*F44+Parametry!B34/100*F46+Parametry!B34/100*F47+Parametry!B34/100*F52+Parametry!B34/100*F53+Parametry!B34/100*F54+Parametry!B34/100*F56+Parametry!B34/100*F57+Parametry!B34/100*F58 -> 1388.6595 | O1: 1.15 | T1: 1.2
I2: =E2+G2 -> 0 | J2: =F2+H2 -> 0 | M2: =M1+Parametry!B34/100*F60+Parametry!B34/100*F61+Parametry!B34/100*F62+Parametry!B34/100*F63+Parametry!B34/100*F64+Parametry!B34/100*F65+Parametry!B33/100*F70+Parametry!B33/100*F71+Parametry!B33/100*F72+Parametry!B34/100*F74+Parametry!B33/100*F76+Parametry!B33/100*F77+Parametry!B33/100*F79+Parametry!B33/100*F81+Parametry!B33/100*F82+Parametry!B34/100*F84+Parametry!B34/100*F85+Parametry!B34/100*F87+Parametry!B34/100*F89+Parametry!B34/100*F91+Parametry!B34/100*F92+Parametry!B34/100*F93+Parametry!B33/100*F96 -> 3603.4796 | N2: Dodávka "A" | O2: Koeficient | P2: Dodávka "C" | S2: Montáž "A" | T2: Koeficient | U2: Montáž "C"
B3: Elektromontáže | M3: =M2+Parametry!B33/100*F98+Parametry!B34/100*F100+Parametry!B34/100*F102+Parametry!B34/100*F103+Parametry!B34/100*F104+Parametry!B33/100*F106+Parametry!B34/100*F110+Parametry!B34/100*F111+Parametry!B34/100*F112+Parametry!B34/100*F113+Parametry!B34/100*F114+Parametry!B34/100*F116+Parametry!B34/100*F117+Parametry!B34/100*F118+Parametry!B34/100*F120+Parametry!B33/100*F121+Parametry!B34/100*F122+Parametry!B34/100*F124+Parametry!B33/100*F126+Parametry!B33/100*F128+Parametry!B34/100*F130+Parametry!B33/100*F131 -> 4999.7171
I4: =E4+G4 -> 0 | J4: =F4+H4 -> 0 | M4: =M3+Parametry!B33/100*F132+Parametry!B33/100*F133+Parametry!B33/100*F137+Parametry!B33/100*F138+Parametry!B33/100*F139+Parametry!B34/100*F148+Parametry!B34/100*F149+Parametry!B34/100*F150+Parametry!B34/100*F151+Parametry!B34/100*F152+Parametry!B34/100*F153+Parametry!B34/100*F154+Parametry!B34/100*F155+Parametry!B34/100*F157+Parametry!B33/100*F159+Parametry!B33/100*F161+Parametry!B33/100*F162+Parametry!B34/100*F163+Parametry!B33/100*F164+Parametry!B33/100*F169+Parametry!B33/100*F170+Parametry!B33/100*F171 -> 22844.91
B5: D.1.4.5 - Silnoproudá elektrotechnika | M5: =M4+Parametry!B33/100*F172+Parametry!B33/100*F173+Parametry!B33/100*F176+Parametry!B33/100*F177+Parametry!B33/100*F185+Parametry!B33/100*F189+Parametry!B33/100*F190+Parametry!B33/100*F191+Parametry!B33/100*F194+Parametry!B33/100*F195+Parametry!B33/100*F196+Parametry!B33/100*F197+Parametry!B33/100*F198+Parametry!B34/100*F199+Parametry!B34/100*F200+Parametry!B34/100*F201+Parametry!B33/100*F203+Parametry!B34/100*F205+Parametry!B33/100*F206+Parametry!B33/100*F207+Parametry!B33/100*F208+Parametry!B33/100*F209 -> 25799.279
I6: =E6+G6 -> 0 | J6: =F6+H6 -> 0 | M6: =M5+Parametry!B33/100*F210+Parametry!B33/100*F212+Parametry!B33/100*F213+Parametry!B33/100*F215+Parametry!B33/100*F216+Parametry!B33/100*F218+Parametry!B33/100*F219+Parametry!B33/100*F224+Parametry!B33/100*F225+Parametry!B33/100*F226+Parametry!B33/100*F234+Parametry!B33/100*F235+Parametry!B33/100*F236+Parametry!B33/100*F238+Parametry!B34/100*F240+Parametry!B34/100*F241+Parametry!B34/100*F242+Parametry!B33/100*F245+Parametry!B33/100*F247+Parametry!B33/100*F249+Parametry!B33/100*F250+Parametry!B34/100*F251 -> 28878.948
B7: Rozvaděče | M7: =M6+Parametry!B33/100*F254+Parametry!B33/100*F255+Parametry!B33/100*F257+Parametry!B33/100*F258+Parametry!B33/100*F259+Parametry!B33/100*F260+Parametry!B33/100*F261+Parametry!B33/100*F262+Parametry!B33/100*F263+Parametry!B33/100*F264+Parametry!B33/100*F266+Parametry!B34/100*F269+Parametry!B34/100*F274+Parametry!B34/100*F275+Parametry!B34/100*F276+Parametry!B34/100*F278+Parametry!B34/100*F280+Parametry!B34/100*F282+Parametry!B34/100*F283+Parametry!B34/100*F285+Parametry!B34/100*F287+Parametry!B34/100*F289 -> 30103.646
B8: Skříňový rozvaděč RH, volně stojící, přívod zdola, vývody shora, prostorová rezerva 30% | C8: ks | D8: 1 | E8: =SUM(P8) -> 482218 | F8: =D8*E8 -> 482218 | G8: =SUM(U8) -> 100636.8 | H8: =D8*G8 -> 100636.8 | I8: =E8+G8 -> 582854.8 | J8: =F8+H8 -> 582854.8 | K8: 3x600+2x800+rohx2000x400+sokl IP55/20 | N8: 419320 | O8: =$O$1 -> 1.15 | P8: =SUM(O8*N8) -> 482218 | S8: =SUM(N8*0.2) -> 83864 | T8: =$T$1 -> 1.2 | U8: =SUM(T8*S8) -> 100636.8 | Y8: =SUM(N8*D8) -> 419320 | AA8: =SUM(S8*D8) -> 83864
A9: 7004-19008 | B9: MONTÁŽ ROZVADĚČŮ SKŘÍŇOVÝCH | K9: Rozvaděč RH je zvětšen kvuli prostorové rezervě psané ve VV a doplněn o rohové pole dle dispozic rozvodny ve 2.NP. | Y9: =SUM(N9*D9) -> 0 | AA9: =SUM(S9*D9) -> 0
A10: 7004-19010 | B10: do 300 kg | C10: ks | D10: 5 | E10: =SUM(P10) -> 0 | F10: =D10*E10 -> 0 | G10: =SUM(U10) -> 1440 | H10: =D10*G10 -> 7200 | I10: =E10+G10 -> 1440 | J10: =F10+H10 -> 7200 | S10: 1200 | T10: =$T$1 -> 1.2 | U10: =SUM(T10*S10) -> 1440 | Y10: =SUM(N10*D10) -> 0 | AA10: =SUM(S10*D10) -> 6000
B11: Nástěnný rozvaděč R1, přívod zespodu, vývody shora, prostorová rezerva 30% | C11: ks | D11: 1 | E11: =SUM(P11) -> 5037 | F11: =D11*E11 -> 5037 | G11: =SUM(U11) -> 1314 | H11: =D11*G11 -> 1314 | I11: =E11+G11 -> 6351 | J11: =F11+H11 -> 6351 | N11: 4380 | O11: =$O$1 -> 1.15 | P11: =SUM(O11*N11) -> 5037 | S11: =SUM(N11*0.25) -> 1095 | T11: =$T$1 -> 1.2 | U11: =SUM(T11*S11) -> 1314 | Y11: =SUM(N11*D11) -> 4380 | AA11: =SUM(S11*D11) -> 1095
A12: 7004-19001 | B12: MONTÁŽ ROZVODNIC | Y12: =SUM(N12*D12) -> 0 | AA12: =SUM(S12*D12) -> 0
A13: 7004-19003 | B13: do 50 kg | C13: ks | D13: 1 | E13: =SUM(P13) -> 0 | F13: =D13*E13 -> 0 | G13: =SUM(U13) -> 708 | H13: =D13*G13 -> 708 | I13: =E13+G13 -> 708 | J13: =F13+H13 -> 708 | S13: 590 | T13: =$T$1 -> 1.2 | U13: =SUM(T13*S13) -> 708 | Y13: =SUM(N13*D13) -> 0 | AA13: =SUM(S13*D13) -> 590
B14: Rozvaděče - celkem | F14: =SUM(F8:F13) -> 487255 | H14: =SUM(H8:H13) -> 109858.8 | J14: =SUM(J8:J13) -> 597113.8 | Y14: =SUM(N14*D14) -> 0 | AA14: =SUM(S14*D14) -> 0
I15: =E15+G15 -> 0 | J15: =F15+H15 -> 0 | Y15: =SUM(N15*D15) -> 0 | AA15: =SUM(S15*D15) -> 0
B16: Svítidla | Y16: =SUM(N16*D16) -> 0 | AA16: =SUM(S16*D16) -> 0
B17: POZNÁMKA: CENA SVÍTIDEL A PŘESNÉ POČTY NOSNÉHO SYSTÉMU BUDE UPŘESNĚNO FIRMOU THOME | I17: =E17+G17 -> 0 | J17: =F17+H17 -> 0 | K17: pouze montáž | Y17: =SUM(N17*D17) -> 0 | AA17: =SUM(S17*D17) -> 0
I18: =E18+G18 -> 0 | J18: =F18+H18 -> 0 | Y18: =SUM(N18*D18) -> 0 | AA18: =SUM(S18*D18) -> 0
B19: Svítidla hlavní + nouzová, Thome Lighting | C19: sada | D19: 1 | E19: =SUM(P19) -> 0 | F19: =D19*E19 -> 0 | G19: =SUM(U19) -> 0 | H19: =D19*G19 -> 0 | I19: =E19+G19 -> 0 | J19: =F19+H19 -> 0 | T19: =$T$1 -> 1.2 | U19: =SUM(T19*S19) -> 0 | Y19: =SUM(N19*D19) -> 0 | AA19: =SUM(S19*D19) -> 0
A20: 9998-5113 | B20: Montáž modulového osvětlovacího systému se zapojením vodičů a příslušenství, délky | Y20: =SUM(N20*D20) -> 0 | AA20: =SUM(S20*D20) -> 0
A21: 9998-5115 | B21: přes 1100 mm | C21: m | D21: 540 | E21: =SUM(P21) -> 0 | F21: =D21*E21 -> 0 | G21: =SUM(U21) -> 72 | H21: =D21*G21 -> 38880 | I21: =E21+G21 -> 72 | J21: =F21+H21 -> 38880 | S21: 60 | T21: =$T$1 -> 1.2 | U21: =SUM(T21*S21) -> 72 | Y21: =SUM(N21*D21) -> 0 | AA21: =SUM(S21*D21) -> 32400
A22: 9998-5046 | B22: Montáž svítidel LED se zapojením vodičů - Modulový systém, A, A2, A2/N13, A3/N13 | Y22: =SUM(N22*D22) -> 0 | AA22: =SUM(S22*D22) -> 0
A23: 9998-5047 | B23: 1 zdroj | C23: ks | D23: 231 | E23: =SUM(P23) -> 0 | F23: =D23*E23 -> 0 | G23: =SUM(U23) -> 348 | H23: =D23*G23 -> 80388 | I23: =E23+G23 -> 348 | J23: =F23+H23 -> 80388 | S23: 290 | T23: =$T$1 -> 1.2 | U23: =SUM(T23*S23) -> 348 | Y23: =SUM(N23*D23) -> 0 | AA23: =SUM(S23*D23) -> 66990
A24: 9998-4987 | B24: Montáž LED svítidel se zapojením vodičů, vestavných - B, B1 | Y24: =SUM(N24*D24) -> 0 | AA24: =SUM(S24*D24) -> 0
A25: 9998-4988 | B25: 1 zdroj | C25: ks | D25: 40 | E25: =SUM(P25) -> 0 | F25: =D25*E25 -> 0 | G25: =SUM(U25) -> 348 | H25: =D25*G25 -> 13920 | I25: =E25+G25 -> 348 | J25: =F25+H25 -> 13920 | S25: 290 | T25: =$T$1 -> 1.2 | U25: =SUM(T25*S25) -> 348 | Y25: =SUM(N25*D25) -> 0 | AA25: =SUM(S25*D25) -> 11600
A26: 9998-5046 | B26: Montáž svítidel LED (DALI) se zapojením vodičů - 600x600mm, D2 | Y26: =SUM(N26*D26) -> 0 | AA26: =SUM(S26*D26) -> 0
A27: 9998-5047 | B27: 1 zdroj | C27: ks | D27: 43 | E27: =SUM(P27) -> 0 | F27: =D27*E27 -> 0 | G27: =SUM(U27) -> 348 | H27: =D27*G27 -> 14964 | I27: =E27+G27 -> 348 | J27: =F27+H27 -> 14964 | K27: kalkulováno bez výřezů do SDK | S27: 290 | T27: =$T$1 -> 1.2 | U27: =SUM(T27*S27) -> 348 | Y27: =SUM(N27*D27) -> 0 | AA27: =SUM(S27*D27) -> 12470
A28: 9998-5046 | B28: Montáž svítidel LED se zapojením vodičů - 600x600mm, D3 | Y28: =SUM(N28*D28) -> 0 | AA28: =SUM(S28*D28) -> 0
A29: 9998-5047 | B29: 1 zdroj | C29: ks | D29: 64 | E29: =SUM(P29) -> 0 | F29: =D29*E29 -> 0 | G29: =SUM(U29) -> 348 | H29: =D29*G29 -> 22272 | I29: =E29+G29 -> 348 | J29: =F29+H29 -> 22272 | K29: kalkulováno bez výřezů do SDK | S29: 290 | T29: =$T$1 -> 1.2 | U29: =SUM(T29*S29) -> 348 | Y29: =SUM(N29*D29) -> 0 | AA29: =SUM(S29*D29) -> 18560
A30: 9998-5046 | B30: Montáž LED svítidel se zapojením vodičů průmyslových stropních přisazených, E, Ex, F, Fx | Y30: =SUM(N30*D30) -> 0 | AA30: =SUM(S30*D30) -> 0
A31: 9998-5048 | B31: 1 zdroj | C31: ks | D31: 34 | E31: =SUM(P31) -> 0 | F31: =D31*E31 -> 0 | G31: =SUM(U31) -> 348 | H31: =D31*G31 -> 11832 | I31: =E31+G31 -> 348 | J31: =F31+H31 -> 11832 | S31: 290 | T31: =$T$1 -> 1.2 | U31: =SUM(T31*S31) -> 348 | Y31: =SUM(N31*D31) -> 0 | AA31: =SUM(S31*D31) -> 9860
A32: 9998-5048 | B32: 1 zdroj - venkovní mytí | C32: ks | D32: 2 | E32: =SUM(P32) -> 0 | F32: =D32*E32 -> 0 | G32: =SUM(U32) -> 420 | H32: =D32*G32 -> 840 | I32: =E32+G32 -> 420 | J32: =F32+H32 -> 840 | S32: 350 | T32: =$T$1 -> 1.2 | U32: =SUM(T32*S32) -> 420 | Y32: =SUM(N32*D32) -> 0 | AA32: =SUM(S32*D32) -> 700
A33: 9998-5046 | B33: Montáž LED svítidel se zapojením vodičů průmyslových stropních přisazených, H | Y33: =SUM(N33*D33) -> 0 | AA33: =SUM(S33*D33) -> 0
A34: 9998-5048 | B34: 1 zdroj | C34: ks | D34: 48 | E34: =SUM(P34) -> 0 | F34: =D34*E34 -> 0 | G34: =SUM(U34) -> 348 | H34: =D34*G34 -> 16704 | I34: =E34+G34 -> 348 | J34: =F34+H34 -> 16704 | S34: 290 | T34: =$T$1 -> 1.2 | U34: =SUM(T34*S34) -> 348 | Y34: =SUM(N34*D34) -> 0 | AA34: =SUM(S34*D34) -> 13920
A35: 9998-5073 | B35: Montáž svítidel výbojkových se zapojením vodičů, průmyslových nebo venkovních, V1 | Y35: =SUM(N35*D35) -> 0 | AA35: =SUM(S35*D35) -> 0
A36: 9998-5075 | B36: na třmen | C36: ks | D36: 6 | E36: =SUM(P36) -> 0 | F36: =D36*E36 -> 0 | G36: =SUM(U36) -> 540 | H36: =D36*G36 -> 3240 | I36: =E36+G36 -> 540 | J36: =F36+H36 -> 3240 | S36: 450 | T36: =$T$1 -> 1.2 | U36: =SUM(T36*S36) -> 540 | Y36: =SUM(N36*D36) -> 0 | AA36: =SUM(S36*D36) -> 2700
A37: 9998-5073 | B37: Svítidlo do soc. zařízení | Y37: =SUM(N37*D37) -> 0 | AA37: =SUM(S37*D37) -> 0
A38: 3002-2 | B38: K - Nástěnné svítidlo Lucis Izar I LED 16W, l=600mm, bílá | C38: ks | D38: 5 | E38: =SUM(P38) -> 0 | F38: =D38*E38 -> 0 | G38: =SUM(U38) -> 348 | H38: =D38*G38 -> 1740 | I38: =E38+G38 -> 348 | J38: =F38+H38 -> 1740 | S38: 290 | T38: =$T$1 -> 1.2 | U38: =SUM(T38*S38) -> 348 | Y38: =SUM(N38*D38) -> 0 | AA38: =SUM(S38*D38) -> 1450
A39: 9998-5046 | B39: Montáž svítidel LED se zapojením vodičů - K | Y39: =SUM(N39*D39) -> 0 | AA39: =SUM(S39*D39) -> 0
A40: 9998-5047 | B40: 1 zdroj | C40: ks | D40: 5 | E40: =SUM(P40) -> 0 | F40: =D40*E40 -> 0 | G40: =SUM(U40) -> 348 | H40: =D40*G40 -> 1740 | I40: =E40+G40 -> 348 | J40: =F40+H40 -> 1740 | S40: 290 | T40: =$T$1 -> 1.2 | U40: =SUM(T40*S40) -> 348 | Y40: =SUM(N40*D40) -> 0 | AA40: =SUM(S40*D40) -> 1450
A41: 9998-4987 | B41: Montáž LED svítidel se zapojením vodičů, vestavných - N6, N8, N11 | Y41: =SUM(N41*D41) -> 0 | AA41: =SUM(S41*D41) -> 0
A42: 9998-4988 | B42: 1 zdroj | C42: ks | D42: 22 | E42: =SUM(P42) -> 0 | F42: =D42*E42 -> 0 | G42: =SUM(U42) -> 348 | H42: =D42*G42 -> 7656 | I42: =E42+G42 -> 348 | J42: =F42+H42 -> 7656 | S42: 290 | T42: =$T$1 -> 1.2 | U42: =SUM(T42*S42) -> 348 | Y42: =SUM(N42*D42) -> 0 | AA42: =SUM(S42*D42) -> 6380
A43: 9998-4987 | B43: Montáž LED svítidel se zapojením vodičů, přizazených - N1, N3, N12 | Y43: =SUM(N43*D43) -> 0 | AA43: =SUM(S43*D43) -> 0
A44: 9998-4988 | B44: 1 zdroj | C44: ks | D44: 34 | E44: =SUM(P44) -> 0 | F44: =D44*E44 -> 0 | G44: =SUM(U44) -> 348 | H44: =D44*G44 -> 11832 | I44: =E44+G44 -> 348 | J44: =F44+H44 -> 11832 | S44: 290 | T44: =$T$1 -> 1.2 | U44: =SUM(T44*S44) -> 348 | Y44: =SUM(N44*D44) -> 0 | AA44: =SUM(S44*D44) -> 9860
A45: 9998-4987 | B45: Montáž LED svítidel se zapojením vodičů, přizazených, s pikrogramem - P1 | Y45: =SUM(N45*D45) -> 0 | AA45: =SUM(S45*D45) -> 0
A46: 9998-4988 | B46: 1 zdroj | C46: ks | D46: 39 | E46: =SUM(P46) -> 0 | F46: =D46*E46 -> 0 | G46: =SUM(U46) -> 348 | H46: =D46*G46 -> 13572 | I46: =E46+G46 -> 348 | J46: =F46+H46 -> 13572 | S46: 290 | T46: =$T$1 -> 1.2 | U46: =SUM(T46*S46) -> 348 | Y46: =SUM(N46*D46) -> 0 | AA46: =SUM(S46*D46) -> 11310
A47: 3001-19 | B47: SL002 Poplatek za recyklaci svítidla | C47: ks | D47: 571 | E47: =SUM(P47) -> 0 | F47: =D47*E47 -> 0 | G47: =SUM(U47) -> 11.4 | H47: =D47*G47 -> 6509.4 | I47: =E47+G47 -> 11.4 | J47: =F47+H47 -> 6509.4 | S47: 9.5 | T47: =$T$1 -> 1.2 | U47: =SUM(T47*S47) -> 11.4 | Y47: =SUM(N47*D47) -> 0 | AA47: =SUM(S47*D47) -> 5424.5
B48: Svítidla - celkem | F48: =SUM(F17:F47) -> 0 | H48: =SUM(H17:H47) -> 246089.4 | J48: =SUM(J17:J47) -> 246089.4 | Y48: =SUM(N48*D48) -> 0 | AA48: =SUM(S48*D48) -> 0
I49: =E49+G49 -> 0 | J49: =F49+H49 -> 0 | Y49: =SUM(N49*D49) -> 0 | AA49: =SUM(S49*D49) -> 0
B50: Elektrické vytápění | Y50: =SUM(N50*D50) -> 0 | AA50: =SUM(S50*D50) -> 0
A51: 3002-7 | B51: Elektrický konvektor | Y51: =SUM(N51*D51) -> 0 | AA51: =SUM(S51*D51) -> 0
A52: 3002-8 | B52: ECOFLEX TAC 05, 500W | C52: ks | D52: 3 | E52: =SUM(P52) -> 1741.2725 | F52: =D52*E52 -> 5223.8175 | G52: =SUM(U52) -> 420 | H52: =D52*G52 -> 1260 | I52: =E52+G52 -> 2161.2725 | J52: =F52+H52 -> 6483.8175 | K52: jedná se o výprodejový model, který se již nevyrábí | N52: =1511.1+3.05 -> 1514.15 | O52: =$O$1 -> 1.15 | P52: =SUM(O52*N52) -> 1741.2725 | S52: 350 | T52: =$T$1 -> 1.2 | U52: =SUM(T52*S52) -> 420 | Y52: =SUM(N52*D52) -> 4542.45 | AA52: =SUM(S52*D52) -> 1050
A53: 3002-9 | B53: ECOFLEX TAC 07, 750W | C53: ks | D53: 1 | E53: =SUM(P53) -> 1831.9385 | F53: =D53*E53 -> 1831.9385 | G53: =SUM(U53) -> 420 | H53: =D53*G53 -> 420 | I53: =E53+G53 -> 2251.9385 | J53: =F53+H53 -> 2251.9385 | K53: jedná se o výprodejový model, který se již nevyrábí | N53: =1589.94+3.05 -> 1592.99 | O53: =$O$1 -> 1.15 | P53: =SUM(O53*N53) -> 1831.9385 | S53: 350 | T53: =$T$1 -> 1.2 | U53: =SUM(T53*S53) -> 420 | Y53: =SUM(N53*D53) -> 1592.99 | AA53: =SUM(S53*D53) -> 350
A54: 3002-10 | B54: ECOFLEX TAC 10, 1000W | C54: ks | D54: 2 | E54: =SUM(P54) -> 1937.7155 | F54: =D54*E54 -> 3875.431 | G54: =SUM(U54) -> 420 | H54: =D54*G54 -> 840 | I54: =E54+G54 -> 2357.7155 | J54: =F54+H54 -> 4715.431 | K54: jedná se o výprodejový model, který se již nevyrábí | N54: =1681.92+3.05 -> 1684.97 | O54: =$O$1 -> 1.15 | P54: =SUM(O54*N54) -> 1937.7155 | S54: 350 | T54: =$T$1 -> 1.2 | U54: =SUM(T54*S54) -> 420 | Y54: =SUM(N54*D54) -> 3369.94 | AA54: =SUM(S54*D54) -> 700
A55: 3002-11 | B55: Regulátor teploty | Y55: =SUM(N55*D55) -> 0 | AA55: =SUM(S55*D55) -> 0
A56: 3002-12 | B56: Regulátor teploty, FENIX TFT | C56: ks | D56: 6 | E56: =SUM(P56) -> 1962.475 | F56: =D56*E56 -> 11774.85 | G56: =SUM(U56) -> 228 | H56: =D56*G56 -> 1368 | I56: =E56+G56 -> 2190.475 | J56: =F56+H56 -> 13142.85 | N56: 1706.5 | O56: =$O$1 -> 1.15 | P56: =SUM(O56*N56) -> 1962.475 | S56: 190 | T56: =$T$1 -> 1.2 | U56: =SUM(T56*S56) -> 228 | Y56: =SUM(N56*D56) -> 10239 | AA56: =SUM(S56*D56) -> 1140
A57: 3002-1501 | B57: Topný žebřík KD-E 900/1680 (v=1680mm), včetně topné patrony a termostatem | C57: ks | D57: 1 | E57: =SUM(P57) -> 5067.153 | F57: =D57*E57 -> 5067.153 | G57: =SUM(U57) -> 660 | H57: =D57*G57 -> 660 | I57: =E57+G57 -> 5727.153 | J57: =F57+H57 -> 5727.153 | N57: =3361.02+1045.2 -> 4406.22 | O57: =$O$1 -> 1.15 | P57: =SUM(O57*N57) -> 5067.153 | S57: 550 | T57: =$T$1 -> 1.2 | U57: =SUM(T57*S57) -> 660 | Y57: =SUM(N57*D57) -> 4406.22 | AA57: =SUM(S57*D57) -> 550
A58: 3002-16 | B58: Sada úchytů K(D)-E | C58: ks | D58: 1 | E58: =SUM(P58) -> 0 | F58: =D58*E58 -> 0 | G58: =SUM(U58) -> 0 | H58: =D58*G58 -> 0 | I58: =E58+G58 -> 0 | J58: =F58+H58 -> 0 | K58: v ceně žebříku | O58: =$O$1 -> 1.15 | P58: =SUM(O58*N58) -> 0 | S58: 0 | T58: =$T$1 -> 1.2 | U58: =SUM(T58*S58) -> 0 | Y58: =SUM(N58*D58) -> 0 | AA58: =SUM(S58*D58) -> 0
A59: 3002-48 | B59: Elektrická topná rohož | Y59: =SUM(N59*D59) -> 0 | AA59: =SUM(S59*D59) -> 0
A60: 3002-49 | B60: LDTS80/0,8, příkon 60W | C60: ks | D60: 2 | E60: =SUM(P60) -> 638.8595 | F60: =D60*E60 -> 1277.719 | G60: =SUM(U60) -> 600 | H60: =D60*G60 -> 1200 | I60: =E60+G60 -> 1238.8595 | J60: =F60+H60 -> 2477.719 | N60: 555.53 | O60: =$O$1 -> 1.15 | P60: =SUM(O60*N60) -> 638.8595 | S60: 500 | T60: =$T$1 -> 1.2 | U60: =SUM(T60*S60) -> 600 | Y60: =SUM(N60*D60) -> 1111.06 | AA60: =SUM(S60*D60) -> 1000
A61: 3002-51 | B61: LDTS80/2,3, příkon 180W | C61: ks | D61: 1 | E61: =SUM(P61) -> 988.0915 | F61: =D61*E61 -> 988.0915 | G61: =SUM(U61) -> 720 | H61: =D61*G61 -> 720 | I61: =E61+G61 -> 1708.0915 | J61: =F61+H61 -> 1708.0915 | N61: 859.21 | O61: =$O$1 -> 1.15 | P61: =SUM(O61*N61) -> 988.0915 | S61: 600 | T61: =$T$1 -> 1.2 | U61: =SUM(T61*S61) -> 720 | Y61: =SUM(N61*D61) -> 859.21 | AA61: =SUM(S61*D61) -> 600
A62: 3002-53 | B62: LDTS80/3,6, příkon 290W | C62: ks | D62: 1 | E62: =SUM(P62) -> 1396.928 | F62: =D62*E62 -> 1396.928 | G62: =SUM(U62) -> 960 | H62: =D62*G62 -> 960 | I62: =E62+G62 -> 2356.928 | J62: =F62+H62 -> 2356.928 | N62: 1214.72 | O62: =$O$1 -> 1.15 | P62: =SUM(O62*N62) -> 1396.928 | S62: 800 | T62: =$T$1 -> 1.2 | U62: =SUM(T62*S62) -> 960 | Y62: =SUM(N62*D62) -> 1214.72 | AA62: =SUM(S62*D62) -> 800
A63: 3002-67 | B63: LDTS100/4,7, příkon 460W | C63: ks | D63: 1 | E63: =SUM(P63) -> 3112.0265 | F63: =D63*E63 -> 3112.0265 | G63: =SUM(U63) -> 960 | H63: =D63*G63 -> 960 | I63: =E63+G63 -> 4072.0265 | J63: =F63+H63 -> 4072.0265 | N63: 2706.11 | O63: =$O$1 -> 1.15 | P63: =SUM(O63*N63) -> 3112.0265 | S63: 800 | T63: =$T$1 -> 1.2 | U63: =SUM(T63*S63) -> 960 | Y63: =SUM(N63*D63) -> 2706.11 | AA63: =SUM(S63*D63) -> 800
A64: 3002-70 | B64: LDTS100/10,2, příkon 1000W | C64: ks | D64: 1 | E64: =SUM(P64) -> 4967.3215 | F64: =D64*E64 -> 4967.3215 | G64: =SUM(U64) -> 1224 | H64: =D64*G64 -> 1224 | I64: =E64+G64 -> 6191.3215 | J64: =F64+H64 -> 6191.3215 | N64: 4319.41 | O64: =$O$1 -> 1.15 | P64: =SUM(O64*N64) -> 4967.3215 | S64: 1020 | T64: =$T$1 -> 1.2 | U64: =SUM(T64*S64) -> 1224 | Y64: =SUM(N64*D64) -> 4319.41 | AA64: =SUM(S64*D64) -> 1020
A65: 3002-76 | B65: LDTS160/1,6, příkon 260W | C65: ks | D65: 1 | E65: =SUM(P65) -> 1339.842 | F65: =D65*E65 -> 1339.842 | G65: =SUM(U65) -> 960 | H65: =D65*G65 -> 960 | I65: =E65+G65 -> 2299.842 | J65: =F65+H65 -> 2299.842 | N65: 1165.08 | O65: =$O$1 -> 1.15 | P65: =SUM(O65*N65) -> 1339.842 | S65: 800 | T65: =$T$1 -> 1.2 | U65: =SUM(T65*S65) -> 960 | Y65: =SUM(N65*D65) -> 1165.08 | AA65: =SUM(S65*D65) -> 800
B66: Elektrické vytápění - celkem | F66: =SUM(F51:F65) -> 40855.118 | H66: =SUM(H51:H65) -> 10572 | J66: =SUM(J51:J65) -> 51427.118 | Y66: =SUM(N66*D66) -> 0 | AA66: =SUM(S66*D66) -> 0
I67: =E67+G67 -> 0 | J67: =F67+H67 -> 0 | Y67: =SUM(N67*D67) -> 0 | AA67: =SUM(S67*D67) -> 0
B68: Zásuvky, spínače, krabice | Y68: =SUM(N68*D68) -> 0 | AA68: =SUM(S68*D68) -> 0
A69: 3002-104 | B69: PODLAHOVÉ KRABICE, ZÁSUVKY, PŘÍSLUŠENSTVÍ | Y69: =SUM(N69*D69) -> 0 | AA69: =SUM(S69*D69) -> 0
A70: 3002-105 | B70: Podlahová zásuvka 18 modulová, šedý plast, 9 násobná, včetně příslušenství a podlahové krabice, LEGRAND | C70: ks | D70: 20 | E70: =SUM(P70) -> 2265.5 | F70: =D70*E70 -> 45310 | G70: =SUM(U70) -> 900 | H70: =D70*G70 -> 18000 | I70: =E70+G70 -> 3165.5 | J70: =F70+H70 -> 63310 | N70: =690+490+790 -> 1970 | O70: =$O$1 -> 1.15 | P70: =SUM(O70*N70) -> 2265.5 | S70: 750 | T70: =$T$1 -> 1.2 | U70: =SUM(T70*S70) -> 900 | Y70: =SUM(N70*D70) -> 39400 | AA70: =SUM(S70*D70) -> 15000
A71: 3002-106 | B71: Zásuvka 45x45, s ochranným kolíkem; řazení 2P+PE; d. Profil 45 | C71: ks | D71: 142 | E71: =SUM(P71) -> 62.1 | F71: =D71*E71 -> 8818.2 | G71: =SUM(U71) -> 108 | H71: =D71*G71 -> 15336 | I71: =E71+G71 -> 170.1 | J71: =F71+H71 -> 24154.2 | N71: 54 | O71: =$O$1 -> 1.15 | P71: =SUM(O71*N71) -> 62.1 | S71: 90 | T71: =$T$1 -> 1.2 | U71: =SUM(T71*S71) -> 108 | Y71: =SUM(N71*D71) -> 7668 | AA71: =SUM(S71*D71) -> 12780
A72: 3002-107 | B72: Zásuvka 45x45 s ochranným kolíkem, s clonkami, s ochranou před přepětím, s optickou signalizací poruchy; řazení 2P+PE; d. Profil 45 | C72: ks | D72: 20 | E72: =SUM(P72) -> 678.5 | F72: =D72*E72 -> 13570 | G72: =SUM(U72) -> 108 | H72: =D72*G72 -> 2160 | I72: =E72+G72 -> 786.5 | J72: =F72+H72 -> 15730 | N72: 590 | O72: =$O$1 -> 1.15 | P72: =SUM(O72*N72) -> 678.5 | S72: 90 | T72: =$T$1 -> 1.2 | U72: =SUM(T72*S72) -> 108 | Y72: =SUM(N72*D72) -> 11800 | AA72: =SUM(S72*D72) -> 1800
A73: 3002-115 | B73: ZÁSUVKA KOMPLETNÍ, S RÁMEČKEM, FUTURE LINEAR, IP20, BARVA ANTRACITOVÁ | Y73: =SUM(N73*D73) -> 0 | AA73: =SUM(S73*D73) -> 0
A74: 3002-118 | B74: Zásuvka dvojnásobná, s ochranným kolíkem, řazení 2P+PE | C74: ks | D74: 4 | E74: =SUM(P74) -> 296.43665 | F74: =D74*E74 -> 1185.7466 | G74: =SUM(U74) -> 108 | H74: =D74*G74 -> 432 | I74: =E74+G74 -> 404.43665 | J74: =F74+H74 -> 1617.7466 | N74: =163.966+93.805 -> 257.771 | O74: =$O$1 -> 1.15 | P74: =SUM(O74*N74) -> 296.43665 | S74: 90 | T74: =$T$1 -> 1.2 | U74: =SUM(T74*S74) -> 108 | Y74: =SUM(N74*D74) -> 1031.084 | AA74: =SUM(S74*D74) -> 360
A75: 3002-121 | B75: ZÁSUVKA KOMPLETNÍ, S RÁMEČKEM, FUTURE LINEAR, IP20, BARVA BÍLÁ | Y75: =SUM(N75*D75) -> 0 | AA75: =SUM(S75*D75) -> 0
A76: 3002-122 | B76: Zásuvka jednonásobná, s ochranným kolíkem; řazení 2P+PE | C76: ks | D76: 21 | E76: =SUM(P76) -> 235.8489 | F76: =D76*E76 -> 4952.8269 | G76: =SUM(U76) -> 108 | H76: =D76*G76 -> 2268 | I76: =E76+G76 -> 343.8489 | J76: =F76+H76 -> 7220.8269 | N76: =130.042+75.044 -> 205.086 | O76: =$O$1 -> 1.15 | P76: =SUM(O76*N76) -> 235.8489 | S76: 90 | T76: =$T$1 -> 1.2 | U76: =SUM(T76*S76) -> 108 | Y76: =SUM(N76*D76) -> 4306.806 | AA76: =SUM(S76*D76) -> 1890
A77: 3002-124 | B77: Zásuvka dvojnásobná, s ochranným kolíkem, řazení 2P+PE | C77: ks | D77: 11 | E77: =SUM(P77) -> 436.2318 | F77: =D77*E77 -> 4798.5498 | G77: =SUM(U77) -> 108 | H77: =D77*G77 -> 1188 | I77: =E77+G77 -> 544.2318 | J77: =F77+H77 -> 5986.5498 | N77: =130.042+130.042+119.248 -> 379.332 | O77: =$O$1 -> 1.15 | P77: =SUM(O77*N77) -> 436.2318 | S77: 90 | T77: =$T$1 -> 1.2 | U77: =SUM(T77*S77) -> 108 | Y77: =SUM(N77*D77) -> 4172.652 | AA77: =SUM(S77*D77) -> 990
A78: 3002-130 | B78: ZÁSUVKA NÁSTĚNNÁ S VYŠŠÍM KRYTÍM, IP44, VARIANT | Y78: =SUM(N78*D78) -> 0 | AA78: =SUM(S78*D78) -> 0
A79: 3002-131 | B79: Zásuvka jednonásobná, s ochranným kolíkem; řazení 2P+PE | C79: ks | D79: 29 | E79: =SUM(P79) -> 98.1226 | F79: =D79*E79 -> 2845.5554 | G79: =SUM(U79) -> 108 | H79: =D79*G79 -> 3132 | I79: =E79+G79 -> 206.1226 | J79: =F79+H79 -> 5977.5554 | N79: 85.324 | O79: =$O$1 -> 1.15 | P79: =SUM(O79*N79) -> 98.1226 | S79: 90 | T79: =$T$1 -> 1.2 | U79: =SUM(T79*S79) -> 108 | Y79: =SUM(N79*D79) -> 2474.396 | AA79: =SUM(S79*D79) -> 2610
A80: 3002-142 | B80: ZÁSUVKA, PŘÍVODKA PRŮMYSLOVÁ, 400V, ABB | Y80: =SUM(N80*D80) -> 0 | AA80: =SUM(S80*D80) -> 0
A81: 3002-143 | B81: Přívodka průmyslová, nástěnná montáž; řazení 3P+N+PE; b. IP 67 / IP 69, 32 A | C81: ks | D81: 1 | E81: =SUM(P81) -> 361.74055 | F81: =D81*E81 -> 361.74055 | G81: =SUM(U81) -> 180 | H81: =D81*G81 -> 180 | I81: =E81+G81 -> 541.74055 | J81: =F81+H81 -> 541.74055 | N81: 314.557 | O81: =$O$1 -> 1.15 | P81: =SUM(O81*N81) -> 361.74055 | S81: 150 | T81: =$T$1 -> 1.2 | U81: =SUM(T81*S81) -> 180 | Y81: =SUM(N81*D81) -> 314.557 | AA81: =SUM(S81*D81) -> 150
A82: 3002-144 | B82: Zásuvka průmyslová, nástěnná montáž; řazení 3P+N+PE; b. IP 44, 16A | C82: ks | D82: 10 | E82: =SUM(P82) -> 112.9967 | F82: =D82*E82 -> 1129.967 | G82: =SUM(U82) -> 180 | H82: =D82*G82 -> 1800 | I82: =E82+G82 -> 292.9967 | J82: =F82+H82 -> 2929.967 | N82: 98.258 | O82: =$O$1 -> 1.15 | P82: =SUM(O82*N82) -> 112.9967 | S82: 150 | T82: =$T$1 -> 1.2 | U82: =SUM(T82*S82) -> 180 | Y82: =SUM(N82*D82) -> 982.58 | AA82: =SUM(S82*D82) -> 1500
A83: 7004-11228 | B83: ZÁSUVKA PRŮMYSLOVÁ NÁSTĚNNÁ, IP67 - venkovní mytí | Y83: =SUM(N83*D83) -> 0 | AA83: =SUM(S83*D83) -> 0
A84: 7004-11230 | B84: IZG1653 16A,400V,3p+N+PE | C84: ks | D84: 1 | E84: =SUM(P84) -> 282.4078 | F84: =D84*E84 -> 282.4078 | G84: =SUM(U84) -> 216 | H84: =D84*G84 -> 216 | I84: =E84+G84 -> 498.4078 | J84: =F84+H84 -> 498.4078 | N84: 245.572 | O84: =$O$1 -> 1.15 | P84: =SUM(O84*N84) -> 282.4078 | S84: 180 | T84: =$T$1 -> 1.2 | U84: =SUM(T84*S84) -> 216 | Y84: =SUM(N84*D84) -> 245.572 | AA84: =SUM(S84*D84) -> 180
A85: 7004-11232 | B85: IZG3253 32A,400V,3p+N+PE | C85: ks | D85: 1 | E85: =SUM(P85) -> 361.74055 | F85: =D85*E85 -> 361.74055 | G85: =SUM(U85) -> 216 | H85: =D85*G85 -> 216 | I85: =E85+G85 -> 577.74055 | J85: =F85+H85 -> 577.74055 | N85: 314.557 | O85: =$O$1 -> 1.15 | P85: =SUM(O85*N85) -> 361.74055 | S85: 180 | T85: =$T$1 -> 1.2 | U85: =SUM(T85*S85) -> 216 | Y85: =SUM(N85*D85) -> 314.557 | AA85: =SUM(S85*D85) -> 180
A86: 7004-11192 | B86: ZÁSUVKA NASTĚNNÁ V Al IP55 - venkovní mytí | Y86: =SUM(N86*D86) -> 0 | AA86: =SUM(S86*D86) -> 0
A87: 7004-11193 | B87: 5518-2750 2p+PE,venkovní | C87: ks | D87: 2 | E87: =SUM(P87) -> 509.5282 | F87: =D87*E87 -> 1019.0564 | G87: =SUM(U87) -> 180 | H87: =D87*G87 -> 360 | I87: =E87+G87 -> 689.5282 | J87: =F87+H87 -> 1379.0564 | N87: 443.068 | O87: =$O$1 -> 1.15 | P87: =SUM(O87*N87) -> 509.5282 | S87: 150 | T87: =$T$1 -> 1.2 | U87: =SUM(T87*S87) -> 180 | Y87: =SUM(N87*D87) -> 886.136 | AA87: =SUM(S87*D87) -> 300
A88: 3002-109 | B88: ZÁSUVKA KOMPLETNÍ, S RÁMEČKEM, TANGO, IP20, BARVA BÍLÁ, USB PORT | Y88: =SUM(N88*D88) -> 0 | AA88: =SUM(S88*D88) -> 0
A89: 3002-112 | B89: Zásuvka s ochranným kolíkem, řazení 2P+PE, USB port | C89: ks | D89: 1 | E89: =SUM(P89) -> 1128.8237 | F89: =D89*E89 -> 1128.8237 | G89: =SUM(U89) -> 180 | H89: =D89*G89 -> 180 | I89: =E89+G89 -> 1308.8237 | J89: =F89+H89 -> 1308.8237 | N89: =963.236+18.3498 -> 981.5858 | O89: =$O$1 -> 1.15 | P89: =SUM(O89*N89) -> 1128.8237 | S89: 150 | T89: =$T$1 -> 1.2 | U89: =SUM(T89*S89) -> 180 | Y89: =SUM(N89*D89) -> 981.5858 | AA89: =SUM(S89*D89) -> 150
A90: 3002-109 | B90: ZÁSUVKA KOMPLETNÍ, S RÁMEČKEM, TANGO, IP20, BARVA BÍLÁ | Y90: =SUM(N90*D90) -> 0 | AA90: =SUM(S90*D90) -> 0
A91: 3002-110 | B91: Zásuvka jednonásobná, s ochranným kolíkem; řazení 2P+PE | C91: ks | D91: 7 | E91: =SUM(P91) -> 128.09137 | F91: =D91*E91 -> 896.63959 | G91: =SUM(U91) -> 108 | H91: =D91*G91 -> 756 | I91: =E91+G91 -> 236.09137 | J91: =F91+H91 -> 1652.6396 | N91: =93.034+18.3498 -> 111.3838 | O91: =$O$1 -> 1.15 | P91: =SUM(O91*N91) -> 128.09137 | S91: 90 | T91: =$T$1 -> 1.2 | U91: =SUM(T91*S91) -> 108 | Y91: =SUM(N91*D91) -> 779.6866 | AA91: =SUM(S91*D91) -> 630
A92: 3002-111 | B92: Zásuvka jednonásobná, s ochranným kolíkem, s ochranou před přepětím; řazení 2P+PE | C92: ks | D92: 5 | E92: =SUM(P92) -> 745.82215 | F92: =D92*E92 -> 3729.1107 | G92: =SUM(U92) -> 108 | H92: =D92*G92 -> 540 | I92: =E92+G92 -> 853.82215 | J92: =F92+H92 -> 4269.1107 | N92: 648.541 | O92: =$O$1 -> 1.15 | P92: =SUM(O92*N92) -> 745.82215 | S92: 90 | T92: =$T$1 -> 1.2 | U92: =SUM(T92*S92) -> 108 | Y92: =SUM(N92*D92) -> 3242.705 | AA92: =SUM(S92*D92) -> 450
A93: 3002-112 | B93: Zásuvka dvojnásobná, s ochranným kolíkem, řazení 2P+PE | C93: ks | D93: 6 | E93: =SUM(P93) -> 157.52815 | F93: =D93*E93 -> 945.1689 | G93: =SUM(U93) -> 108 | H93: =D93*G93 -> 648 | I93: =E93+G93 -> 265.52815 | J93: =F93+H93 -> 1593.1689 | N93: 136.981 | O93: =$O$1 -> 1.15 | P93: =SUM(O93*N93) -> 157.52815 | S93: 90 | T93: =$T$1 -> 1.2 | U93: =SUM(T93*S93) -> 108 | Y93: =SUM(N93*D93) -> 821.886 | AA93: =SUM(S93*D93) -> 540
B94: Zásuvka pro pohyblivý přívod 2xPZ, 230V, 16A – přímá, barva černá, IP20 | C94: ks | D94: 14 | E94: =SUM(P94) -> 60.2922 | F94: =D94*E94 -> 844.0908 | G94: =SUM(U94) -> 108 | H94: =D94*G94 -> 1512 | I94: =E94+G94 -> 168.2922 | J94: =F94+H94 -> 2356.0908 | N94: 52.428 | O94: =$O$1 -> 1.15 | P94: =SUM(O94*N94) -> 60.2922 | S94: 90 | T94: =$T$1 -> 1.2 | U94: =SUM(T94*S94) -> 108 | Y94: =SUM(N94*D94) -> 733.992 | AA94: =SUM(S94*D94) -> 1260
A95: 3002-147 | B95: ZÁSUVKOVÉ SKŘÍNĚ | Y95: =SUM(N95*D95) -> 0 | AA95: =SUM(S95*D95) -> 0
A96: 3002-148 | B96: Zásuvková skříň, 400V/16A/5p, 2x 230V, TYP: Mi-78222, proudový chránič | C96: ks | D96: 3 | E96: =SUM(P96) -> 8847.3525 | F96: =D96*E96 -> 26542.057 | G96: =SUM(U96) -> 660 | H96: =D96*G96 -> 1980 | I96: =E96+G96 -> 9507.3525 | J96: =F96+H96 -> 28522.057 | N96: 7693.35 | O96: =$O$1 -> 1.15 | P96: =SUM(O96*N96) -> 8847.3525 | S96: 550 | T96: =$T$1 -> 1.2 | U96: =SUM(T96*S96) -> 660 | Y96: =SUM(N96*D96) -> 23080.05 | AA96: =SUM(S96*D96) -> 1650
A97: 3002-166 | B97: STMÍVAČ KOMPLETNÍ, S RÁMEČKEM, FUTURE LINEAR, IP20, BARVA ANTRACITOVÁ | Y97: =SUM(N97*D97) -> 0 | AA97: =SUM(S97*D97) -> 0
A98: 3002-167 | B98: Výkonový stmívač, ovládání potenciomerem, spínání tlačítky, DALI, typ strojku: 6599-0-2988 | C98: ks | D98: 2 | E98: =SUM(P98) -> 3218.2462 | F98: =D98*E98 -> 6436.4925 | G98: =SUM(U98) -> 180 | H98: =D98*G98 -> 360 | I98: =E98+G98 -> 3398.2462 | J98: =F98+H98 -> 6796.4925 | N98: =2368+336.67+93.805 -> 2798.475 | O98: =$O$1 -> 1.15 | P98: =SUM(O98*N98) -> 3218.2462 | S98: 150 | T98: =$T$1 -> 1.2 | U98: =SUM(T98*S98) -> 180 | Y98: =SUM(N98*D98) -> 5596.95 | AA98: =SUM(S98*D98) -> 300
A99: 3002-170 | B99: STMÍVAČ KOMPLETNÍ, S RÁMEČKEM, FUTURE LINEAR, IP20, BARVA BÍLÁ | Y99: =SUM(N99*D99) -> 0 | AA99: =SUM(S99*D99) -> 0
A100: 3002-171 | B100: Výkonový stmívač, ovládání potenciomerem, spínání tlačítky, DALI, typ strojku: 6599-0-2988 | C100: ks | D100: 4 | E100: =SUM(P100) -> 3159.1362 | F100: =D100*E100 -> 12636.545 | G100: =SUM(U100) -> 180 | H100: =D100*G100 -> 720 | I100: =E100+G100 -> 3339.1362 | J100: =F100+H100 -> 13356.545 | N100: =2368+304.031+75.044 -> 2747.075 | O100: =$O$1 -> 1.15 | P100: =SUM(O100*N100) -> 3159.1362 | S100: 150 | T100: =$T$1 -> 1.2 | U100: =SUM(T100*S100) -> 180 | Y100: =SUM(N100*D100) -> 10988.3 | AA100: =SUM(S100*D100) -> 600
...

Sheet Parametry
A1: Název | B1: Hodnota
A2: Nadpis rekapitulace | B2: Seznam prací a dodávek elektrotechnických zařízení
A3: Akce | B3: Prodejna pro dům a zahradu, Cheb, ul. Ke Hřbitovu
A4: Projekt | B4: D.1.4.5 Silnoproudá elektrotechnika
A5: Investor | B5: DEKINVEST, investiční fond s proměnným základním kapitálem, a.s. Tiskařská 257/10, 108 00 Praha 10
A6: Z. č. | B6: 2021-34-05
A7: A. č. | B7: 24510
A8: Smlouva
A9: Vypracoval | B9: Martin Zeman
A10: Kontroloval | B10: Martin Zeman
A11: Datum | B11: 28.3.2024
A12: Zpracovatel | B12: Martin Zeman, Zašovská 256, Valašské Meziříčí
A13: CÚ | B13: 03/2024
A14: Poznámka | B14: Uvedené ceny jsou v Kč a nezahrnují DPH, pokud to není uvedeno.
A16: Doprava dodávek (3,6) % | B16: 3,60
A17: Přesun dodávek (1) % | B17: 1,00
A18: PPV (1 nebo 6) % | B18: 1,00
A19: PPV zemních prací, nátěrů (1) % | B19: 0,00
A20: Dodavat. dokumentace (1 - 1,5) % | B20: 0,00
A21: Rizika a pojištění (1 - 1,5) % | B21: 0,00
... A32: 2. sazba DPH % | B32: 15
A33: Procento PM % 1 | B33: 1
A34: Procento PM % 2 | B34: 5
