Workbook
Name _dph1: #REF!
Name _dph2: #REF!
Name _dph3: #REF!
Name _pol1: SLP_R1!#REF!
Name _pol2: SLP_R1!#REF!
Name _pol3: SLP_R1!#REF!
Name footer: #REF!
Name footer2: SLP_R1!#REF!
Name head1: #REF!
Name Header: #REF!
Name Header2: SLP_R1!#REF!
Name Hlava1: #REF!
Name Hlava2: #REF!
Name Hlava3: #REF!
Name Hlava4: #REF!
Name polbezcen1: SLP_R1!#REF!
Name polcen2: SLP_R1!#REF!
Name polcen3: SLP_R1!#REF!
Name Poznamka: #REF!
Name ZakHead: #REF!

Sheet REK
A1: ČESKÝ TĚŠÍN - PRODEJNA PRO DŮM A ZAHRADU
F2: Tady měnit procenta
H3: Dodatečné náklad
A4: D.1.4.4 Zařízení silnoproudé elektrotechniky | B4: =SIL!J393 -> 3484979.1 | G4: plošiny | H4: -120000
A5: D.1.4.5 Zařízení slaboproudé elektrotechniky | B5: =SLP_R1!I348 -> 1990626.1 | F5: 1.149 | G5: Buňkoviště | H5: -60000
A6: D.10, SO44 - Areálové rozvody NN a VO | B6: ='NN + VO'!J168 -> 529694.11
A7: D.11 SO45 - Přípojka VN | B7: ='Přípojka VN + TS'!J114 -> 0
E8: Nákladová cena | F8: % zisk | G8: zisk úspory | I8: Zisk celkem | J8: vyjádřeno v procentech
A9: celkem bez DPH | B9: =SUM(B4:B8) -> 6005299.3 | E9: =B9/SIL!O1 -> 5226544.2 | F9: =B9-E9 -> 778755.08 | G9: =SIL!L394+'NN + VO'!L172+SLP_R0!K287 -> 555600.45 | H9: =SUM(H4:H7) -> -180000 | I9: =F9+G9+H9 -> 1154355.5 | J9: =I9/B9 -> 0.19222282
A12: MaR | B12: =#REF! -> #REF!
A15: V otevřených částech Prodejny (tam, kde není podhled) použít závěsný lankový systém např. Skygrip/Walraven. Prosím o jeho poptání a zapracování do CN.
A16: Jiří Chovančík
A17: 775017710
A18: j.chovancik@skygrip.cz
A24: požadovaná cena za Litvínov + Mimoň je: | B24: 11200000
A26: cena za Litvínov je: | B26: =B24-B9 -> 5194700.7 | E26: 5000000
E27: =E26/B26 -> 0.96251935

Sheet SIL
B1: Název | C1: Mj | D1: Počet | E1: Materiál | F1: Materiál celkem | G1: Montáž | H1: Montáž celkem | I1: Cena | J1: Cena celkem | K1: Poznámka | M1: =[1]Parametry!B33/100*F10+[1]Parametry!B33/100*F13+[1]Parametry!B34/100*F21+[1]Parametry!B33/100*F23+[1]Parametry!B34/100*F25+[1]Parametry!B33/100*F27+[1]Parametry!B33/100*F29+[1]Parametry!B34/100*F32+[1]Parametry!B34/100*#REF!+[1]Parametry!B34/100*F120+[1]Parametry!B34/100*F122+[1]Parametry!B33/100*F124+[1]Parametry!B33/100*F126+[1]Parametry!B34/100*F128+[1]Parametry!B34/100*F130+[1]Parametry!B34/100*F132+[1]Parametry!B34/100*F133+[1]Parametry!B34/100*F138+[1]Parametry!B34/100*F139+[1]Parametry!B34/100*F140+[1]Parametry!B34/100*F142+[1]Parametry!B34/100*F143+[1]Parametry!B34/100*F144 -> #REF! | O1: =REK!F5 -> 1.149 | T1: =SUM(O1) -> 1.149
M2: =M1+[1]Parametry!B34/100*F146+[1]Parametry!B34/100*F147+[1]Parametry!B34/100*F148+[1]Parametry!B34/100*F149+[1]Parametry!B34/100*F150+[1]Parametry!B34/100*F151+[1]Parametry!B33/100*F156+[1]Parametry!B33/100*F157+[1]Parametry!B33/100*F158+[1]Parametry!B34/100*F160+[1]Parametry!B33/100*F162+[1]Parametry!B33/100*F163+[1]Parametry!B33/100*F165+[1]Parametry!B33/100*F167+[1]Parametry!B33/100*F168+[1]Parametry!B34/100*F170+[1]Parametry!B34/100*F171+[1]Parametry!B34/100*F173+[1]Parametry!B34/100*F175+[1]Parametry!B34/100*F177+[1]Parametry!B34/100*F178+[1]Parametry!B34/100*F179+[1]Parametry!B33/100*F182 -> #REF! | N2: Dodávka "A" | O2: Koeficient | P2: Dodávka "C" | S2: Montáž "A" | T2: Koeficient | U2: Montáž "C"
B3: Dodávky | M3: =M2+[1]Parametry!B33/100*F184+[1]Parametry!B34/100*F186+[1]Parametry!B34/100*F188+[1]Parametry!B34/100*F189+[1]Parametry!B34/100*F190+[1]Parametry!B33/100*F192+[1]Parametry!B34/100*F196+[1]Parametry!B34/100*F197+[1]Parametry!B34/100*F198+[1]Parametry!B34/100*F199+[1]Parametry!B34/100*F200+[1]Parametry!B34/100*F202+[1]Parametry!B34/100*F203+[1]Parametry!B34/100*F204+[1]Parametry!B34/100*F206+[1]Parametry!B33/100*F207+[1]Parametry!B34/100*F208+[1]Parametry!B34/100*F210+[1]Parametry!B33/100*F212+[1]Parametry!B33/100*F214+[1]Parametry!B34/100*F216+[1]Parametry!B33/100*F217 -> #REF!
M4: =M3+[1]Parametry!B33/100*F218+[1]Parametry!B33/100*F219+[1]Parametry!B33/100*F223+[1]Parametry!B33/100*F224+[1]Parametry!B33/100*F225+[1]Parametry!B34/100*F234+[1]Parametry!B34/100*F235+[1]Parametry!B34/100*F236+[1]Parametry!B34/100*F237+[1]Parametry!B34/100*F238+[1]Parametry!B34/100*F239+[1]Parametry!B34/100*F240+[1]Parametry!B34/100*F241+[1]Parametry!B34/100*F243+[1]Parametry!B33/100*F245+[1]Parametry!B33/100*F247+[1]Parametry!B33/100*F248+[1]Parametry!B34/100*F249+[1]Parametry!B33/100*F250+[1]Parametry!B33/100*F255+[1]Parametry!B33/100*F256+[1]Parametry!B33/100*F257 -> #REF!
B5: Svítidla | M5: =M4+[1]Parametry!B33/100*F258+[1]Parametry!B33/100*F259+[1]Parametry!B33/100*F262+[1]Parametry!B33/100*F263+[1]Parametry!B33/100*F271+[1]Parametry!B33/100*F275+[1]Parametry!B33/100*F276+[1]Parametry!B33/100*F277+[1]Parametry!B33/100*F280+[1]Parametry!B33/100*F281+[1]Parametry!B33/100*F282+[1]Parametry!B33/100*F283+[1]Parametry!B33/100*F284+[1]Parametry!B34/100*F285+[1]Parametry!B34/100*F286+[1]Parametry!B34/100*F287+[1]Parametry!B33/100*F289+[1]Parametry!B34/100*F291+[1]Parametry!B33/100*F292+[1]Parametry!B33/100*F293+[1]Parametry!B33/100*F294+[1]Parametry!B33/100*F295 -> #REF!
M6: =M5+[1]Parametry!B33/100*F296+[1]Parametry!B33/100*F298+[1]Parametry!B33/100*F299+[1]Parametry!B33/100*F301+[1]Parametry!B33/100*F302+[1]Parametry!B33/100*F304+[1]Parametry!B33/100*F305+[1]Parametry!B33/100*F310+[1]Parametry!B33/100*F311+[1]Parametry!B33/100*F312+[1]Parametry!B33/100*F320+[1]Parametry!B33/100*F321+[1]Parametry!B33/100*F322+[1]Parametry!B33/100*F324+[1]Parametry!B34/100*F326+[1]Parametry!B34/100*F327+[1]Parametry!B34/100*F328+[1]Parametry!B33/100*F331+[1]Parametry!B33/100*F333+[1]Parametry!B33/100*F335+[1]Parametry!B33/100*F336+[1]Parametry!B34/100*F337 -> #REF!
B7: Svítidla | M7: =M6+[1]Parametry!B33/100*F340+[1]Parametry!B33/100*F341+[1]Parametry!B33/100*F343+[1]Parametry!B33/100*F344+[1]Parametry!B33/100*F345+[1]Parametry!B33/100*F346+[1]Parametry!B33/100*F347+[1]Parametry!B33/100*F348+[1]Parametry!B33/100*F349+[1]Parametry!B33/100*F350+[1]Parametry!B33/100*F352+[1]Parametry!B34/100*F355+[1]Parametry!B34/100*F360+[1]Parametry!B34/100*F361+[1]Parametry!B34/100*F362+[1]Parametry!B34/100*F364+[1]Parametry!B34/100*F366+[1]Parametry!B34/100*F368+[1]Parametry!B34/100*F369+[1]Parametry!B34/100*F371+[1]Parametry!B34/100*F373+[1]Parametry!B34/100*F375 -> #REF!
B8: POZNÁMKA: POČET SVÍTIDEL, CENA, BUDE UPŘESNĚN FIRMOU THOME | O8: =$O$1 -> 1.149 | P8: =SUM(O8*N8) -> 0 | Q8: =SUM(N8*D8) -> 0 | T8: =$T$1 -> 1.149 | U8: =SUM(T8*S8) -> 0 | V8: =SUM(S8*D8) -> 0
B9: B - THOME Lighting s.r.o. CIR0014 CirkLED 24W 2200lm IP44 4K | C9: ks | D9: 1 | E9: =SUM(P9) -> 0 | F9: =D9*E9 -> 0 | G9: =SUM(U9) -> 333.21 | H9: =D9*G9 -> 333.21 | I9: =E9+G9 -> 333.21 | J9: =F9+H9 -> 333.21 | O9: =$O$1 -> 1.149 | P9: =SUM(O9*N9) -> 0 | Q9: =SUM(N9*D9) -> 0 | S9: 290 | T9: =$T$1 -> 1.149 | U9: =SUM(T9*S9) -> 333.21 | V9: =SUM(S9*D9) -> 290
B10: B1 - THOME Lighting s.r.o. CIR0013 CirkLED 18W 1600lm IP44 4K | C10: ks | D10: 20 | E10: =SUM(P10) -> 0 | F10: =D10*E10 -> 0 | G10: =SUM(U10) -> 333.21 | H10: =D10*G10 -> 6664.2 | I10: =E10+G10 -> 333.21 | J10: =F10+H10 -> 6664.2 | O10: =$O$1 -> 1.149 | P10: =SUM(O10*N10) -> 0 | Q10: =SUM(N10*D10) -> 0 | S10: 290 | T10: =$T$1 -> 1.149 | U10: =SUM(T10*S10) -> 333.21 | V10: =SUM(S10*D10) -> 5800
B11: D1 - THOME Lighting s.r.o. XED046 XEDO LED PANEL 3600lm 36W IP40 4K 600x600 UGR DALI | C11: ks | D11: 12 | E11: =SUM(P11) -> 0 | F11: =D11*E11 -> 0 | G11: =SUM(U11) -> 402.15 | H11: =D11*G11 -> 4825.8 | I11: =E11+G11 -> 402.15 | J11: =F11+H11 -> 4825.8 | O11: =$O$1 -> 1.149 | P11: =SUM(O11*N11) -> 0 | Q11: =SUM(N11*D11) -> 0 | S11: 350 | T11: =$T$1 -> 1.149 | U11: =SUM(T11*S11) -> 402.15 | V11: =SUM(S11*D11) -> 4200
B12: F8 - THOME lighting s.r.o. SIN0054 ACQUEX °8000lm 55W IP66 4K ATEX 1,5m | C12: ks | D12: 157 | E12: =SUM(P12) -> 0 | F12: =D12*E12 -> 0 | G12: =SUM(U12) -> 333.21 | H12: =D12*G12 -> 52313.97 | I12: =E12+G12 -> 333.21 | J12: =F12+H12 -> 52313.97 | O12: =$O$1 -> 1.149 | P12: =SUM(O12*N12) -> 0 | Q12: =SUM(N12*D12) -> 0 | S12: 290 | T12: =$T$1 -> 1.149 | U12: =SUM(T12*S12) -> 333.21 | V12: =SUM(S12*D12) -> 45530
B13: CH1 (H1) - THOME Lighting s.r.o. MOD0007_280W_840_60° MODY 42000lm 280W IP66 4K 60° | C13: ks | D13: 5 | E13: =SUM(P13) -> 0 | F13: =D13*E13 -> 0 | G13: =SUM(U13) -> 333.21 | H13: =D13*G13 -> 1666.05 | I13: =E13+G13 -> 333.21 | J13: =F13+H13 -> 1666.05 | O13: =$O$1 -> 1.149 | P13: =SUM(O13*N13) -> 0 | Q13: =SUM(N13*D13) -> 0 | S13: 290 | T13: =$T$1 -> 1.149 | U13: =SUM(T13*S13) -> 333.21 | V13: =SUM(S13*D13) -> 1450
B14: V - THOME Lighting s.r.o. TIT2012_69 TITANIA 2G 7800lm 57W IP65 4K třmen | C14: ks | D14: 7 | E14: =SUM(P14) -> 0 | F14: =D14*E14 -> 0 | G14: =SUM(U14) -> 333.21 | H14: =D14*G14 -> 2332.47 | I14: =E14+G14 -> 333.21 | J14: =F14+H14 -> 2332.47 | O14: =$O$1 -> 1.149 | P14: =SUM(O14*N14) -> 0 | Q14: =SUM(N14*D14) -> 0 | S14: 290 | T14: =$T$1 -> 1.149 | U14: =SUM(T14*S14) -> 333.21 | V14: =SUM(S14*D14) -> 2030
B15: SL002 Poplatek za recyklaci svítidla | C15: ks | D15: 202 | E15: =SUM(P15) -> 0 | F15: =D15*E15 -> 0 | G15: =SUM(U15) -> 0 | H15: =D15*G15 -> 0 | I15: =E15+G15 -> 0 | J15: =F15+H15 -> 0 | O15: =$O$1 -> 1.149 | P15: =SUM(O15*N15) -> 0 | Q15: =SUM(N15*D15) -> 0 | T15: =$T$1 -> 1.149 | U15: =SUM(T15*S15) -> 0 | V15: =SUM(S15*D15) -> 0
B16: Svítidla - celkem | F16: =SUM(F8:F15) -> 0 | H16: =SUM(H8:H15) -> 68135.7 | J16: =SUM(J8:J15) -> 68135.7 | Q16: =SUM(N16*D16) -> 0 | V16: =SUM(S16*D16) -> 0
Q17: =SUM(N17*D17) -> 0 | V17: =SUM(S17*D17) -> 0
B18: Nouzová svítidla | Q18: =SUM(N18*D18) -> 0 | V18: =SUM(S18*D18) -> 0
B19: POZNÁMKA: POČET SVÍTIDEL, CENA, BUDE UPŘESNĚN FIRMOU THOME | Q19: =SUM(N19*D19) -> 0 | V19: =SUM(S19*D19) -> 0
B20: P1 - TMT P1_TMT0066 ONTEC G E1B 101 M/AT/Grey_exit | C20: ks | D20: 6 | E20: =SUM(P20) -> 0 | F20: =D20*E20 -> 0 | G20: =SUM(U20) -> 333.21 | H20: =D20*G20 -> 1999.26 | I20: =E20+G20 -> 333.21 | J20: =F20+H20 -> 1999.26 | O20: =$O$1 -> 1.149 | P20: =SUM(O20*N20) -> 0 | Q20: =SUM(N20*D20) -> 0 | S20: 290 | T20: =$T$1 -> 1.149 | U20: =SUM(T20*S20) -> 333.21 | V20: =SUM(S20*D20) -> 1740
B21: N8 - TMT N8_TMT0003 ITECH M2 302 M/AT/White_zapuštěné | C21: ks | D21: 1 | E21: =SUM(P21) -> 0 | F21: =D21*E21 -> 0 | G21: =SUM(U21) -> 333.21 | H21: =D21*G21 -> 333.21 | I21: =E21+G21 -> 333.21 | J21: =F21+H21 -> 333.21 | O21: =$O$1 -> 1.149 | P21: =SUM(O21*N21) -> 0 | Q21: =SUM(N21*D21) -> 0 | S21: 290 | T21: =$T$1 -> 1.149 | U21: =SUM(T21*S21) -> 333.21 | V21: =SUM(S21*D21) -> 290
B22: N20 - VYRTYCH a.s. BASET-Em-LED-350-4K, 1h Emergency lighting | C22: ks | D22: 37 | E22: =SUM(P22) -> 0 | F22: =D22*E22 -> 0 | G22: =SUM(U22) -> 333.21 | H22: =D22*G22 -> 12328.77 | I22: =E22+G22 -> 333.21 | J22: =F22+H22 -> 12328.77 | O22: =$O$1 -> 1.149 | P22: =SUM(O22*N22) -> 0 | Q22: =SUM(N22*D22) -> 0 | S22: 290 | T22: =$T$1 -> 1.149 | U22: =SUM(T22*S22) -> 333.21 | V22: =SUM(S22*D22) -> 10730
B23: SL002 Poplatek za recyklaci svítidla | C23: ks | D23: 44 | E23: =SUM(P23) -> 0 | F23: =D23*E23 -> 0 | G23: =SUM(U23) -> 0 | H23: =D23*G23 -> 0 | I23: =E23+G23 -> 0 | J23: =F23+H23 -> 0 | O23: =$O$1 -> 1.149 | P23: =SUM(O23*N23) -> 0 | Q23: =SUM(N23*D23) -> 0 | T23: =$T$1 -> 1.149 | U23: =SUM(T23*S23) -> 0 | V23: =SUM(S23*D23) -> 0
B24: Nouzová svítidla - celkem | F24: =SUM(F19:F23) -> 0 | H24: =SUM(H19:H23) -> 14661.24 | J24: =SUM(J19:J23) -> 14661.24 | Q24: =SUM(N24*D24) -> 0 | V24: =SUM(S24*D24) -> 0
Q25: =SUM(N25*D25) -> 0 | V25: =SUM(S25*D25) -> 0
B26: Svítidla - celkem | F26: =SUM(F6,F8:F15,F17,F19:F23,F25:F25) -> 0 | H26: =SUM(H6,H8:H15,H17,H19:H23,H25:H25) -> 82796.94 | J26: =SUM(J6,J8:J15,J17,J19:J23,J25:J25) -> 82796.94 | Q26: =SUM(N26*D26) -> 0 | V26: =SUM(S26*D26) -> 0
Q27: =SUM(N27*D27) -> 0 | V27: =SUM(S27*D27) -> 0
B28: Dodávky - celkem | F28: =SUM(F4,F6,F8:F15,F17,F19:F23,F25,F27:F27) -> 0 | H28: =SUM(H4,H6,H8:H15,H17,H19:H23,H25,H27:H27) -> 82796.94 | J28: =SUM(J4,J6,J8:J15,J17,J19:J23,J25,J27:J27) -> 82796.94 | Q28: =SUM(N28*D28) -> 0 | V28: =SUM(S28*D28) -> 0
Q29: =SUM(N29*D29) -> 0 | V29: =SUM(S29*D29) -> 0
B30: Elektromontáže | Q30: =SUM(N30*D30) -> 0 | V30: =SUM(S30*D30) -> 0
Q31: =SUM(N31*D31) -> 0 | V31: =SUM(S31*D31) -> 0
B32: D.1.4.4 - Zařízení silnoproudé elektrotechniky | Q32: =SUM(N32*D32) -> 0 | V32: =SUM(S32*D32) -> 0
Q33: =SUM(N33*D33) -> 0 | V33: =SUM(S33*D33) -> 0
B34: Rozváděč RH1 | Q34: =SUM(N34*D34) -> 0 | V34: =SUM(S34*D34) -> 0
Q35: =SUM(N35*D35) -> 0 | V35: =SUM(S35*D35) -> 0
B36: Rozváděč volně stojící 3x800x2000x400+100podstavec, IP65/20, dle výkresu č. D.1.4.4.11 | C36: ks | D36: 1 | E36: =SUM(P36) -> 423050.31 | F36: =D36*E36 -> 423050.31 | G36: =SUM(U36) -> 88840.565 | H36: =D36*G36 -> 88840.565 | I36: =E36+G36 -> 511890.88 | J36: =F36+H36 -> 511890.88 | N36: 368190 | O36: =$O$1 -> 1.149 | P36: =SUM(O36*N36) -> 423050.31 | Q36: =SUM(N36*D36) -> 368190 | S36: =SUM(N36*0.21) -> 77319.9 | T36: =$T$1 -> 1.149 | U36: =SUM(T36*S36) -> 88840.565 | V36: =SUM(S36*D36) -> 77319.9
E37: =SUM(P37) -> 0 | F37: =D37*E37 -> 0 | G37: =SUM(U37) -> 0 | H37: =D37*G37 -> 0 | I37: =E37+G37 -> 0 | J37: =F37+H37 -> 0 | O37: =$O$1 -> 1.149 | P37: =SUM(O37*N37) -> 0 | Q37: =SUM(N37*D37) -> 0 | T37: =$T$1 -> 1.149 | U37: =SUM(T37*S37) -> 0 | V37: =SUM(S37*D37) -> 0
B38: 3VA125-1AA32-0AA0 Jistič | C38: Ks | D38: 2 | E38: =SUM(P38) -> 0 | F38: =D38*E38 -> 0 | G38: =SUM(U38) -> 0 | H38: =D38*G38 -> 0 | I38: =E38+G38 -> 0 | J38: =F38+H38 -> 0 | O38: =$O$1 -> 1.149 | P38: =SUM(O38*N38) -> 0 | Q38: =SUM(N38*D38) -> 0 | T38: =$T$1 -> 1.149 | U38: =SUM(T38*S38) -> 0 | V38: =SUM(S38*D38) -> 0
B39: 3VA9988-0BL33 Vypínací cívka | C39: Ks | D39: 1 | E39: =SUM(P39) -> 0 | F39: =D39*E39 -> 0 | G39: =SUM(U39) -> 0 | H39: =D39*G39 -> 0 | I39: =E39+G39 -> 0 | J39: =F39+H39 -> 0 | O39: =$O$1 -> 1.149 | P39: =SUM(O39*N39) -> 0 | Q39: =SUM(N39*D39) -> 0 | T39: =$T$1 -> 1.149 | U39: =SUM(T39*S39) -> 0 | V39: =SUM(S39*D39) -> 0
B40: RCD510 Proudový chránič | C40: Ks | D40: 1 | E40: =SUM(P40) -> 0 | F40: =D40*E40 -> 0 | G40: =SUM(U40) -> 0 | H40: =D40*G40 -> 0 | I40: =E40+G40 -> 0 | J40: =F40+H40 -> 0 | O40: =$O$1 -> 1.149 | P40: =SUM(O40*N40) -> 0 | Q40: =SUM(N40*D40) -> 0 | T40: =$T$1 -> 1.149 | U40: =SUM(T40*S40) -> 0 | V40: =SUM(S40*D40) -> 0
B41: 3NP1124-1CA20 Pojistkový odpínač | C41: Ks | D41: 2 | E41: =SUM(P41) -> 0 | F41: =D41*E41 -> 0 | G41: =SUM(U41) -> 0 | H41: =D41*G41 -> 0 | I41: =E41+G41 -> 0 | J41: =F41+H41 -> 0 | O41: =$O$1 -> 1.149 | P41: =SUM(O41*N41) -> 0 | Q41: =SUM(N41*D41) -> 0 | T41: =$T$1 -> 1.149 | U41: =SUM(T41*S41) -> 0 | V41: =SUM(S41*D41) -> 0
B42: PNA000 80A gG Pojistková vložka | C42: Ks | D42: 3 | E42: =SUM(P42) -> 0 | F42: =D42*E42 -> 0 | G42: =SUM(U42) -> 0 | H42: =D42*G42 -> 0 | I42: =E42+G42 -> 0 | J42: =F42+H42 -> 0 | O42: =$O$1 -> 1.149 | P42: =SUM(O42*N42) -> 0 | Q42: =SUM(N42*D42) -> 0 | T42: =$T$1 -> 1.149 | U42: =SUM(T42*S42) -> 0 | V42: =SUM(S42*D42) -> 0
B43: PNA000 100A gG Pojistková vložka | C43: Ks | D43: 3 | E43: =SUM(P43) -> 0 | F43: =D43*E43 -> 0 | G43: =SUM(U43) -> 0 | H43: =D43*G43 -> 0 | I43: =E43+G43 -> 0 | J43: =F43+H43 -> 0 | O43: =$O$1 -> 1.149 | P43: =SUM(O43*N43) -> 0 | Q43: =SUM(N43*D43) -> 0 | T43: =$T$1 -> 1.149 | U43: =SUM(T43*S43) -> 0 | V43: =SUM(S43*D43) -> 0
B44: OPVP14-3 Pojistkový odpínač | C44: Ks | D44: 1 | E44: =SUM(P44) -> 0 | F44: =D44*E44 -> 0 | G44: =SUM(U44) -> 0 | H44: =D44*G44 -> 0 | I44: =E44+G44 -> 0 | J44: =F44+H44 -> 0 | O44: =$O$1 -> 1.149 | P44: =SUM(O44*N44) -> 0 | Q44: =SUM(N44*D44) -> 0 | T44: =$T$1 -> 1.149 | U44: =SUM(T44*S44) -> 0 | V44: =SUM(S44*D44) -> 0
B45: PV14 63A gG Pojistková vložka | C45: Ks | D45: 3 | E45: =SUM(P45) -> 0 | F45: =D45*E45 -> 0 | G45: =SUM(U45) -> 0 | H45: =D45*G45 -> 0 | I45: =E45+G45 -> 0 | J45: =F45+H45 -> 0 | O45: =$O$1 -> 1.149 | P45: =SUM(O45*N45) -> 0 | Q45: =SUM(N45*D45) -> 0 | T45: =$T$1 -> 1.149 | U45: =SUM(T45*S45) -> 0 | V45: =SUM(S45*D45) -> 0
B46: SVBC-12,5-3N-MZ Kombinovaný svodič bleskových proudů a přepětí | C46: Ks | D46: 1 | E46: =SUM(P46) -> 0 | F46: =D46*E46 -> 0 | G46: =SUM(U46) -> 0 | H46: =D46*G46 -> 0 | I46: =E46+G46 -> 0 | J46: =F46+H46 -> 0 | O46: =$O$1 -> 1.149 | P46: =SUM(O46*N46) -> 0 | Q46: =SUM(N46*D46) -> 0 | T46: =$T$1 -> 1.149 | U46: =SUM(T46*S46) -> 0 | V46: =SUM(S46*D46) -> 0
B47: 3VA2010-5HL-46-0AA0 Jistič | C47: Ks | D47: 4 | E47: =SUM(P47) -> 0 | F47: =D47*E47 -> 0 | G47: =SUM(U47) -> 0 | H47: =D47*G47 -> 0 | I47: =E47+G47 -> 0 | J47: =F47+H47 -> 0 | O47: =$O$1 -> 1.149 | P47: =SUM(O47*N47) -> 0 | Q47: =SUM(N47*D47) -> 0 | T47: =$T$1 -> 1.149 | U47: =SUM(T47*S47) -> 0 | V47: =SUM(S47*D47) -> 0
B48: 200/5A,5VA,1% | C48: ks | D48: 1 | E48: =SUM(P48) -> 0 | F48: =D48*E48 -> 0 | G48: =SUM(U48) -> 0 | H48: =D48*G48 -> 0 | I48: =E48+G48 -> 0 | J48: =F48+H48 -> 0 | O48: =$O$1 -> 1.149 | P48: =SUM(O48*N48) -> 0 | Q48: =SUM(N48*D48) -> 0 | T48: =$T$1 -> 1.149 | U48: =SUM(T48*S48) -> 0 | V48: =SUM(S48*D48) -> 0
B49: LTN-2B-1 Jistič | C49: Ks | D49: 1 | E49: =SUM(P49) -> 0 | F49: =D49*E49 -> 0 | G49: =SUM(U49) -> 0 | H49: =D49*G49 -> 0 | I49: =E49+G49 -> 0 | J49: =F49+H49 -> 0 | O49: =$O$1 -> 1.149 | P49: =SUM(O49*N49) -> 0 | Q49: =SUM(N49*D49) -> 0 | T49: =$T$1 -> 1.149 | U49: =SUM(T49*S49) -> 0 | V49: =SUM(S49*D49) -> 0
... B79: Svorkovnice, dráty, lišty, průchodky, příslušenství rozváděče | C79: klp | D79: 1 | E79: =SUM(P79) -> 0 | F79: =D79*E79 -> 0 | G79: =SUM(U79) -> 0 | H79: =D79*G79 -> 0 | I79: =E79+G79 -> 0 | J79: =F79+H79 -> 0 | O79: =$O$1 -> 1.149 | P79: =SUM(O79*N79) -> 0 | Q79: =SUM(N79*D79) -> 0 | T79: =$T$1 -> 1.149 | U79: =SUM(T79*S79) -> 0 | V79: =SUM(S79*D79) -> 0
O80: =$O$1 -> 1.149 | P80: =SUM(O80*N80) -> 0 | Q80: =SUM(N80*D80) -> 0 | T80: =$T$1 -> 1.149 | U80: =SUM(T80*S80) -> 0 | V80: =SUM(S80*D80) -> 0
B81: Rozváděč RH1 - celkem | F81: =SUM(F35:F80) -> 423050.31 | H81: =SUM(H35:H80) -> 88840.565 | J81: =SUM(J35:J80) -> 511890.88 | Q81: =SUM(N81*D81) -> 0 | V81: =SUM(S81*D81) -> 0
Q82: =SUM(N82*D82) -> 0 | V82: =SUM(S82*D82) -> 0
B83: Rozváděč R1 | Q83: =SUM(N83*D83) -> 0 | V83: =SUM(S83*D83) -> 0
Q84: =SUM(N84*D84) -> 0 | V84: =SUM(S84*D84) -> 0
B85: Rozváděč volně stojící 1x800x2000x400+100podstavec. IP54/20, dle výkresu č. D.1.4.4.12 | C85: ks | D85: 1 | E85: =SUM(P85) -> 80694.27 | F85: =D85*E85 -> 80694.27 | G85: =SUM(U85) -> 16945.797 | H85: =D85*G85 -> 16945.797 | I85: =E85+G85 -> 97640.067 | J85: =F85+H85 -> 97640.067 | N85: 70230 | O85: =$O$1 -> 1.149 | P85: =SUM(O85*N85) -> 80694.27 | Q85: =SUM(N85*D85) -> 70230 | S85: =SUM(N85*0.21) -> 14748.3 | T85: =$T$1 -> 1.149 | U85: =SUM(T85*S85) -> 16945.797 | V85: =SUM(S85*D85) -> 14748.3
E86: =SUM(P86) -> 0 | F86: =D86*E86 -> 0 | G86: =SUM(U86) -> 0 | H86: =D86*G86 -> 0 | I86: =E86+G86 -> 0 | J86: =F86+H86 -> 0 | O86: =$O$1 -> 1.149 | P86: =SUM(O86*N86) -> 0 | Q86: =SUM(N86*D86) -> 0 | T86: =$T$1 -> 1.149 | U86: =SUM(T86*S86) -> 0 | V86: =SUM(S86*D86) -> 0
B87: MSN-125-3 Vypínač | C87: Ks | D87: 1 | E87: =SUM(P87) -> 0 | F87: =D87*E87 -> 0 | G87: =SUM(U87) -> 0 | H87: =D87*G87 -> 0 | I87: =E87+G87 -> 0 | J87: =F87+H87 -> 0 | O87: =$O$1 -> 1.149 | P87: =SUM(O87*N87) -> 0 | Q87: =SUM(N87*D87) -> 0 | T87: =$T$1 -> 1.149 | U87: =SUM(T87*S87) -> 0 | V87: =SUM(S87*D87) -> 0
B88: SV-LT-X400 Napěťová spoušť | C88: Ks | D88: 1 | E88: =SUM(P88) -> 0 | F88: =D88*E88 -> 0 | G88: =SUM(U88) -> 0 | H88: =D88*G88 -> 0 | I88: =E88+G88 -> 0 | J88: =F88+H88 -> 0 | O88: =$O$1 -> 1.149 | P88: =SUM(O88*N88) -> 0 | Q88: =SUM(N88*D88) -> 0 | T88: =$T$1 -> 1.149 | U88: =SUM(T88*S88) -> 0 | V88: =SUM(S88*D88) -> 0
B89: OPVP14-3 Pojistkový odpínač | C89: Ks | D89: 3 | E89: =SUM(P89) -> 0 | F89: =D89*E89 -> 0 | G89: =SUM(U89) -> 0 | H89: =D89*G89 -> 0 | I89: =E89+G89 -> 0 | J89: =F89+H89 -> 0 | O89: =$O$1 -> 1.149 | P89: =SUM(O89*N89) -> 0 | Q89: =SUM(N89*D89) -> 0 | T89: =$T$1 -> 1.149 | U89: =SUM(T89*S89) -> 0 | V89: =SUM(S89*D89) -> 0
B90: PV14 63A gG Pojistková vložka | C90: Ks | D90: 3 | E90: =SUM(P90) -> 0 | F90: =D90*E90 -> 0 | G90: =SUM(U90) -> 0 | H90: =D90*G90 -> 0 | I90: =E90+G90 -> 0 | J90: =F90+H90 -> 0 | O90: =$O$1 -> 1.149 | P90: =SUM(O90*N90) -> 0 | Q90: =SUM(N90*D90) -> 0 | T90: =$T$1 -> 1.149 | U90: =SUM(T90*S90) -> 0 | V90: =SUM(S90*D90) -> 0
B91: SVBC-12,5-3N-MZ Kombinovaný svodič bleskových proudů a přepětí | C91: Ks | D91: 1 | E91: =SUM(P91) -> 0 | F91: =D91*E91 -> 0 | G91: =SUM(U91) -> 0 | H91: =D91*G91 -> 0 | I91: =E91+G91 -> 0 | J91: =F91+H91 -> 0 | O91: =$O$1 -> 1.149 | P91: =SUM(O91*N91) -> 0 | Q91: =SUM(N91*D91) -> 0 | T91: =$T$1 -> 1.149 | U91: =SUM(T91*S91) -> 0 | V91: =SUM(S91*D91) -> 0
B92: LTN-1,6B-1 Jistič | C92: Ks | D92: 1 | E92: =SUM(P92) -> 0 | F92: =D92*E92 -> 0 | G92: =SUM(U92) -> 0 | H92: =D92*G92 -> 0 | I92: =E92+G92 -> 0 | J92: =F92+H92 -> 0 | O92: =$O$1 -> 1.149 | P92: =SUM(O92*N92) -> 0 | Q92: =SUM(N92*D92) -> 0 | T92: =$T$1 -> 1.149 | U92: =SUM(T92*S92) -> 0 | V92: =SUM(S92*D92) -> 0
B93: LTN-2B-1 Jistič | C93: Ks | D93: 1 | E93: =SUM(P93) -> 0 | F93: =D93*E93 -> 0 | G93: =SUM(U93) -> 0 | H93: =D93*G93 -> 0 | I93: =E93+G93 -> 0 | J93: =F93+H93 -> 0 | O93: =$O$1 -> 1.149 | P93: =SUM(O93*N93) -> 0 | Q93: =SUM(N93*D93) -> 0 | T93: =$T$1 -> 1.149 | U93: =SUM(T93*S93) -> 0 | V93: =SUM(S93*D93) -> 0
B94: LTN-4B-1 Jistič | C94: Ks | D94: 1 | E94: =SUM(P94) -> 0 | F94: =D94*E94 -> 0 | G94: =SUM(U94) -> 0 | H94: =D94*G94 -> 0 | I94: =E94+G94 -> 0 | J94: =F94+H94 -> 0 | O94: =$O$1 -> 1.149 | P94: =SUM(O94*N94) -> 0 | Q94: =SUM(N94*D94) -> 0 | T94: =$T$1 -> 1.149 | U94: =SUM(T94*S94) -> 0 | V94: =SUM(S94*D94) -> 0
B95: LTN-6B-1 Jistič | C95: Ks | D95: 5 | E95: =SUM(P95) -> 0 | F95: =D95*E95 -> 0 | G95: =SUM(U95) -> 0 | H95: =D95*G95 -> 0 | I95: =E95+G95 -> 0 | J95: =F95+H95 -> 0 | O95: =$O$1 -> 1.149 | P95: =SUM(O95*N95) -> 0 | Q95: =SUM(N95*D95) -> 0 | T95: =$T$1 -> 1.149 | U95: =SUM(T95*S95) -> 0 | V95: =SUM(S95*D95) -> 0
B96: LTN-10B-1 Jistič | C96: Ks | D96: 10 | E96: =SUM(P96) -> 0 | F96: =D96*E96 -> 0 | G96: =SUM(U96) -> 0 | H96: =D96*G96 -> 0 | I96: =E96+G96 -> 0 | J96: =F96+H96 -> 0 | O96: =$O$1 -> 1.149 | P96: =SUM(O96*N96) -> 0 | Q96: =SUM(N96*D96) -> 0 | T96: =$T$1 -> 1.149 | U96: =SUM(T96*S96) -> 0 | V96: =SUM(S96*D96) -> 0
B97: LTN-16B-1 Jistič | C97: Ks | D97: 16 | E97: =SUM(P97) -> 0 | F97: =D97*E97 -> 0 | G97: =SUM(U97) -> 0 | H97: =D97*G97 -> 0 | I97: =E97+G97 -> 0 | J97: =F97+H97 -> 0 | O97: =$O$1 -> 1.149 | P97: =SUM(O97*N97) -> 0 | Q97: =SUM(N97*D97) -> 0 | T97: =$T$1 -> 1.149 | U97: =SUM(T97*S97) -> 0 | V97: =SUM(S97*D97) -> 0
B98: LTN-16B-3 Jistič | C98: Ks | D98: 3 | E98: =SUM(P98) -> 0 | F98: =D98*E98 -> 0 | G98: =SUM(U98) -> 0 | H98: =D98*G98 -> 0 | I98: =E98+G98 -> 0 | J98: =F98+H98 -> 0 | O98: =$O$1 -> 1.149 | P98: =SUM(O98*N98) -> 0 | Q98: =SUM(N98*D98) -> 0 | T98: =$T$1 -> 1.149 | U98: =SUM(T98*S98) -> 0 | V98: =SUM(S98*D98) -> 0
... B116: Svorkovnice, dráty, lišty, průchodky, příslušenství rozváděče | C116: klp | D116: 1 | E116: =SUM(P116) -> 0 | F116: =D116*E116 -> 0 | G116: =SUM(U116) -> 0 | H116: =D116*G116 -> 0 | I116: =E116+G116 -> 0 | J116: =F116+H116 -> 0 | O116: =$O$1 -> 1.149 | P116: =SUM(O116*N116) -> 0 | Q116: =SUM(N116*D116) -> 0 | T116: =$T$1 -> 1.149 | U116: =SUM(T116*S116) -> 0 | V116: =SUM(S116*D116) -> 0
Q117: =SUM(N117*D117) -> 0 | V117: =SUM(S117*D117) -> 0
B118: Rozváděč R1 - celkem | F118: =SUM(F84:F117) -> 80694.27 | H118: =SUM(H84:H117) -> 16945.797 | J118: =SUM(J84:J117) -> 97640.067 | Q118: =SUM(N118*D118) -> 0 | V118: =SUM(S118*D118) -> 0
Q119: =SUM(N119*D119) -> 0 | V119: =SUM(S119*D119) -> 0
B120: Elektrické vytápění | Q120: =SUM(N120*D120) -> 0 | V120: =SUM(S120*D120) -> 0
Q121: =SUM(N121*D121) -> 0 | V121: =SUM(S121*D121) -> 0
B122: Elektrický konvektor | Q122: =SUM(N122*D122) -> 0 | V122: =SUM(S122*D122) -> 0
B123: ECOFLEX TAC 15, 1500W | C123: ks | D123: 2 | E123: =SUM(P123) -> 2402.3232 | F123: =D123*E123 -> 4804.6463 | G123: =SUM(U123) -> 402.15 | H123: =D123*G123 -> 804.3 | I123: =E123+G123 -> 2804.4732 | J123: =F123+H123 -> 5608.9463 | N123: =SUM([2]SIL!$U$12:$V$12) -> 2090.7947 | O123: =$O$1 -> 1.149 | P123: =SUM(O123*N123) -> 2402.3232 | Q123: =SUM(N123*D123) -> 4181.5895 | S123: 350 | T123: =$T$1 -> 1.149 | U123: =SUM(T123*S123) -> 402.15 | V123: =SUM(S123*D123) -> 700
B124: ECOFLEX TAC 10, 1000W | C124: ks | D124: 1 | E124: =SUM(P124) -> 1870.1547 | F124: =D124*E124 -> 1870.1547 | G124: =SUM(U124) -> 402.15 | H124: =D124*G124 -> 402.15 | I124: =E124+G124 -> 2272.3047 | J124: =F124+H124 -> 2272.3047 | N124: =SUM([2]SIL!$U$13:$V$13) -> 1627.6368 | O124: =$O$1 -> 1.149 | P124: =SUM(O124*N124) -> 1870.1547 | Q124: =SUM(N124*D124) -> 1627.6368 | S124: 350 | T124: =$T$1 -> 1.149 | U124: =SUM(T124*S124) -> 402.15 | V124: =SUM(S124*D124) -> 350
B125: ECOFLEX TAC 05, 500W | C125: ks | D125: 2 | E125: =SUM(P125) -> 1706.8758 | F125: =D125*E125 -> 3413.7516 | G125: =SUM(U125) -> 402.15 | H125: =D125*G125 -> 804.3 | I125: =E125+G125 -> 2109.0258 | J125: =F125+H125 -> 4218.0516 | N125: =SUM([2]SIL!$U$14:$V$14) -> 1485.5316 | O125: =$O$1 -> 1.149 | P125: =SUM(O125*N125) -> 1706.8758 | Q125: =SUM(N125*D125) -> 2971.0632 | S125: 350 | T125: =$T$1 -> 1.149 | U125: =SUM(T125*S125) -> 402.15 | V125: =SUM(S125*D125) -> 700
B126: ECOFLEX TAC 07, 750W | C126: ks | D126: 5 | E126: =SUM(P126) -> 1845.5057 | F126: =D126*E126 -> 9227.5283 | G126: =SUM(U126) -> 402.15 | H126: =D126*G126 -> 2010.75 | I126: =E126+G126 -> 2247.6557 | J126: =F126+H126 -> 11238.278 | N126: =SUM([2]SIL!$U$15:$V$15) -> 1606.1842 | O126: =$O$1 -> 1.149 | P126: =SUM(O126*N126) -> 1845.5057 | Q126: =SUM(N126*D126) -> 8030.9211 | S126: 350 | T126: =$T$1 -> 1.149 | U126: =SUM(T126*S126) -> 402.15 | V126: =SUM(S126*D126) -> 1750
B127: Topný žebřík KD-E 900/1680 (v=1680mm), včetně topné patrony a termostatem | C127: ks | D127: 1 | E127: =SUM(P127) -> 3646.6551 | F127: =D127*E127 -> 3646.6551 | G127: =SUM(U127) -> 631.95 | H127: =D127*G127 -> 631.95 | I127: =E127+G127 -> 4278.6051 | J127: =F127+H127 -> 4278.6051 | N127: =SUM([2]SIL!$U$16:$V$16) -> 3173.7642 | O127: =$O$1 -> 1.149 | P127: =SUM(O127*N127) -> 3646.6551 | Q127: =SUM(N127*D127) -> 3173.7642 | S127: 550 | T127: =$T$1 -> 1.149 | U127: =SUM(T127*S127) -> 631.95 | V127: =SUM(S127*D127) -> 550
B128: Sada úchytů K(D)-E | C128: ks | D128: 1 | E128: =SUM(P128) -> 202.34495 | F128: =D128*E128 -> 202.34495 | G128: =SUM(U128) -> 517.05 | H128: =D128*G128 -> 517.05 | I128: =E128+G128 -> 719.39495 | J128: =F128+H128 -> 719.39495 | N128: 176.10526 | O128: =$O$1 -> 1.149 | P128: =SUM(O128*N128) -> 202.34495 | Q128: =SUM(N128*D128) -> 176.10526 | S128: 450 | T128: =$T$1 -> 1.149 | U128: =SUM(T128*S128) -> 517.05 | V128: =SUM(S128*D128) -> 450
B129: Elektrický konvektor, EX | Q129: =SUM(N129*D129) -> 0 | V129: =SUM(S129*D129) -> 0
B130: Sálavý topný panel, ECOSUN, IN-2 | C130: ks | D130: 30 | E130: =SUM(P130) -> 4150.3924 | F130: =D130*E130 -> 124511.77 | G130: =SUM(U130) -> 482.58 | H130: =D130*G130 -> 14477.4 | I130: =E130+G130 -> 4632.9724 | J130: =F130+H130 -> 138989.17 | N130: =SUM([3]SIL!$U$19:$V$19) -> 3612.1779 | O130: =$O$1 -> 1.149 | P130: =SUM(O130*N130) -> 4150.3924 | Q130: =SUM(N130*D130) -> 108365.34 | S130: 420 | T130: =$T$1 -> 1.149 | U130: =SUM(T130*S130) -> 482.58 | V130: =SUM(S130*D130) -> 12600
B131: Regulátor teploty | Q131: =SUM(N131*D131) -> 0 | V131: =SUM(S131*D131) -> 0
B132: Regulátor teploty, FENIX TFT | C132: ks | D132: 4 | E132: =SUM(P132) -> 6955.5187 | F132: =D132*E132 -> 27822.075 | G132: =SUM(U132) -> 252.78 | H132: =D132*G132 -> 1011.12 | I132: =E132+G132 -> 7208.2987 | J132: =F132+H132 -> 28833.195 | N132: 6053.5411 | O132: =$O$1 -> 1.149 | P132: =SUM(O132*N132) -> 6955.5187 | Q132: =SUM(N132*D132) -> 24214.164 | S132: 220 | T132: =$T$1 -> 1.149 | U132: =SUM(T132*S132) -> 252.78 | V132: =SUM(S132*D132) -> 880
B133: Elektrická topná rohož | Q133: =SUM(N133*D133) -> 0 | V133: =SUM(S133*D133) -> 0
B134: LDTS80/0,8, příkon 60W | C134: ks | D134: 1 | E134: =SUM(P134) -> 598.26616 | F134: =D134*E134 -> 598.26616 | G134: =SUM(U134) -> 574.5 | H134: =D134*G134 -> 574.5 | I134: =E134+G134 -> 1172.7662 | J134: =F134+H134 -> 1172.7662 | N134: 520.68421 | O134: =$O$1 -> 1.149 | P134: =SUM(O134*N134) -> 598.26616 | Q134: =SUM(N134*D134) -> 520.68421 | S134: 500 | T134: =$T$1 -> 1.149 | U134: =SUM(T134*S134) -> 574.5 | V134: =SUM(S134*D134) -> 500
B135: LDTS100/2,2, příkon 220W | C135: ks | D135: 1 | E135: =SUM(P135) -> 1364.7701 | F135: =D135*E135 -> 1364.7701 | G135: =SUM(U135) -> 804.3 | H135: =D135*G135 -> 804.3 | I135: =E135+G135 -> 2169.0701 | J135: =F135+H135 -> 2169.0701 | N135: 1187.7895 | O135: =$O$1 -> 1.149 | P135: =SUM(O135*N135) -> 1364.7701 | Q135: =SUM(N135*D135) -> 1187.7895 | S135: 700 | T135: =$T$1 -> 1.149 | U135: =SUM(T135*S135) -> 804.3 | V135: =SUM(S135*D135) -> 700
B136: LDTS100/2,9, příkon 290W | C136: ks | D136: 1 | E136: =SUM(P136) -> 1743.6982 | F136: =D136*E136 -> 1743.6982 | G136: =SUM(U136) -> 919.2 | H136: =D136*G136 -> 919.2 | I136: =E136+G136 -> 2662.8982 | J136: =F136+H136 -> 2662.8982 | N136: 1517.5789 | O136: =$O$1 -> 1.149 | P136: =SUM(O136*N136) -> 1743.6982 | Q136: =SUM(N136*D136) -> 1517.5789 | S136: 800 | T136: =$T$1 -> 1.149 | U136: =SUM(T136*S136) -> 919.2 | V136: =SUM(S136*D136) -> 800
B137: LDTS160/2,1, příkon 340W | C137: ks | D137: 1 | E137: =SUM(P137) -> 1647.0008 | F137: =D137*E137 -> 1647.0008 | G137: =SUM(U137) -> 919.2 | H137: =D137*G137 -> 919.2 | I137: =E137+G137 -> 2566.2008 | J137: =F137+H137 -> 2566.2008 | N137: 1433.4211 | O137: =$O$1 -> 1.149 | P137: =SUM(O137*N137) -> 1647.0008 | Q137: =SUM(N137*D137) -> 1433.4211 | S137: 800 | T137: =$T$1 -> 1.149 | U137: =SUM(T137*S137) -> 919.2 | V137: =SUM(S137*D137) -> 800
Q138: =SUM(N138*D138) -> 0 | V138: =SUM(S138*D138) -> 0
B139: Elektrické vytápění - celkem | F139: =SUM(F121:F138) -> 180852.66 | H139: =SUM(H121:H138) -> 23876.22 | J139: =SUM(J121:J138) -> 204728.88 | Q139: =SUM(N139*D139) -> 0 | V139: =SUM(S139*D139) -> 0
Q140: =SUM(N140*D140) -> 0 | V140: =SUM(S140*D140) -> 0
B141: Zásuvky, spínače, krabice | Q141: =SUM(N141*D141) -> 0 | V141: =SUM(S141*D141) -> 0
Q142: =SUM(N142*D142) -> 0 | V142: =SUM(S142*D142) -> 0
B143: PODLAHOVÉ KRABICE, ZÁSUVKY, PŘÍSLUŠENSTVÍ | Q143: =SUM(N143*D143) -> 0 | V143: =SUM(S143*D143) -> 0
B144: Podlahová zásuvka 18 modulová, šedý plast, 9 násobná, včetně příslušenství, LEGRAND, včetně krabice | C144: ks | D144: 4 | E144: =SUM(P144) -> 2589.9669 | F144: =D144*E144 -> 10359.868 | G144: =SUM(U144) -> 861.75 | H144: =D144*G144 -> 3447 | I144: =E144+G144 -> 3451.7169 | J144: =F144+H144 -> 13806.868 | N144: =SUM([2]SIL!$U$33:$U$35) -> 2254.1053 | O144: =$O$1 -> 1.149 | P144: =SUM(O144*N144) -> 2589.9669 | Q144: =SUM(N144*D144) -> 9016.4211 | S144: 750 | T144: =$T$1 -> 1.149 | U144: =SUM(T144*S144) -> 861.75 | V144: =SUM(S144*D144) -> 3000
B145: Zásuvka 45x45, s ochranným kolíkem; řazení 2P+PE; d. Profil 45 | C145: ks | D145: 16 | E145: =SUM(P145) -> 71.842737 | F145: =D145*E145 -> 1149.4838 | G145: =SUM(U145) -> 103.41 | H145: =D145*G145 -> 1654.56 | I145: =E145+G145 -> 175.25274 | J145: =F145+H145 -> 2804.0438 | N145: =SUM([2]SIL!$U$36) -> 62.526316 | O145: =$O$1 -> 1.149 | P145: =SUM(O145*N145) -> 71.842737 | Q145: =SUM(N145*D145) -> 1000.4211 | S145: 90 | T145: =$T$1 -> 1.149 | U145: =SUM(T145*S145) -> 103.41 | V145: =SUM(S145*D145) -> 1440
B146: Zásuvka 45x45 s ochranným kolíkem, s clonkami, s ochranou před přepětím, s optickou signalizací poruchy; řazení 2P+PE; d. Profil 45 | C146: ks | D146: 4 | E146: =SUM(P146) -> 920.89326 | F146: =D146*E146 -> 3683.5731 | G146: =SUM(U146) -> 103.41 | H146: =D146*G146 -> 413.64 | I146: =E146+G146 -> 1024.3033 | J146: =F146+H146 -> 4097.2131 | N146: 801.47368 | O146: =$O$1 -> 1.149 | P146: =SUM(O146*N146) -> 920.89326 | Q146: =SUM(N146*D146) -> 3205.8947 | S146: 90 | T146: =$T$1 -> 1.149 | U146: =SUM(T146*S146) -> 103.41 | V146: =SUM(S146*D146) -> 360
...

Sheet SLP_R1
M1: 1.149 | Q1: 1.149
L2: Dodávka "A" | M2: Koeficient | N2: Dodávka "C" | P2: Montáž "A" | Q2: Koeficient | R2: Montáž "C"
C3: Příprava kabelových tras, montáž + dodávka
A4: No. | B4: Číslo položky | C4: Popis položky | D4: DPS | E4: REV1 příp./odp. | F4: MN. | G4: Počet | H4: jedn. cena | I4: celkem
A5: 1 | B5: 220 111761 | C5: Svorka uzemňovací (mont. vč. materiálu) | D5: 5 | F5: =D5 -> 5 | G5: ks | H5: =N5+R5 -> 64.2291 | I5: =H5*F5 -> 321.1455 | L5: 10.9 | M5: =$M$1 -> 1.149 | N5: =L5*M5 -> 12.5241 | P5: 45 | Q5: =Q$1 -> 1.149 | R5: =P5*Q5 -> 51.705
A6: 2 | B6: 220 111765 | C6: Změření zemního odporu | D6: 5 | F6: =D6 -> 5 | G6: ks | H6: =N6+R6 -> 172.35 | I6: =H6*F6 -> 861.75 | M6: =$M$1 -> 1.149 | N6: =L6*M6 -> 0 | P6: 150 | Q6: =Q$1 -> 1.149 | R6: =P6*Q6 -> 172.35
A7: 3 | B7: KEV.000.8940 | C7: CY 6 ZZ | D7: 245 | F7: =D7 -> 245 | G7: m | H7: =N7+R7 -> 18.9585 | I7: =H7*F7 -> 4644.8325 | L7: 16.5 | M7: =$M$1 -> 1.149 | N7: =L7*M7 -> 18.9585 | Q7: =Q$1 -> 1.149 | R7: =P7*Q7 -> 0
A8: 4 | B8: 220 270329 | C8: Vodič v trubkovodu CY 6 | D8: 245 | F8: =D8 -> 245 | G8: m | H8: =N8+R8 -> 20.682 | I8: =H8*F8 -> 5067.09 | L8: 18 | M8: =$M$1 -> 1.149 | N8: =L8*M8 -> 20.682 | Q8: =Q$1 -> 1.149 | R8: =P8*Q8 -> 0
A9: 5 | B9: 220 260021 | C9: Krabice KO 68 pod omítku vč. vysekání lůžka (mont. vč. materiálu) | D9: 124 | E9: 24 | F9: =D9+E9 -> 148 | G9: ks | H9: =N9+R9 -> 5.45775 | I9: =H9*F9 -> 807.747 | L9: 4.75 | M9: =$M$1 -> 1.149 | N9: =L9*M9 -> 5.45775 | Q9: =Q$1 -> 1.149 | R9: =P9*Q9 -> 0
A10: 6 | B10: 220 260024 | C10: Krabice KO 97 pod omítku vč. vysekání lůžka (mont. vč. materiálu) | D10: 62 | E10: 12 | F10: =D10+E10 -> 74 | G10: ks | H10: =N10+R10 -> 27.51855 | I10: =H10*F10 -> 2036.3727 | L10: 23.95 | M10: =$M$1 -> 1.149 | N10: =L10*M10 -> 27.51855 | Q10: =Q$1 -> 1.149 | R10: =P10*Q10 -> 0
A11: 7 | B11: 220 260027 | C11: Krabice KO 125 pod omítku vč. vysekání lůžka (mont. vč. materiálu) | D11: 8 | F11: =D11 -> 8 | G11: ks | H11: =N11+R11 -> 98.4693 | I11: =H11*F11 -> 787.7544 | L11: 85.7 | M11: =$M$1 -> 1.149 | N11: =L11*M11 -> 98.4693 | Q11: =Q$1 -> 1.149 | R11: =P11*Q11 -> 0
A12: 8 | B12: 220 260028 | C12: Krabice KT 250 pod omítku vč. vysekání lůžka (mont. vč. materiálu) | D12: 8 | F12: =D12 -> 8 | G12: ks | H12: =N12+R12 -> 303.5658 | I12: =H12*F12 -> 2428.5264 | L12: 264.2 | M12: =$M$1 -> 1.149 | N12: =L12*M12 -> 303.5658 | Q12: =Q$1 -> 1.149 | R12: =P12*Q12 -> 0
A13: 9 | B13: 220 260103 | C13: Krabice instalační IP66 (mont. vč. materiálu) | D13: 44 | F13: =D13 -> 44 | G13: ks | H13: =N13+R13 -> 100.67538 | I13: =H13*F13 -> 4429.7167 | L13: 42.62 | M13: =$M$1 -> 1.149 | N13: =L13*M13 -> 48.97038 | P13: 45 | Q13: =Q$1 -> 1.149 | R13: =P13*Q13 -> 51.705
A14: 10 | B14: 220 260106 | C14: Vyhledání vývodu, krabice | D14: 202 | E14: 36 | F14: =D14+E14 -> 238 | G14: ks | H14: =N14+R14 -> 10.341 | I14: =H14*F14 -> 2461.158 | M14: =$M$1 -> 1.149 | N14: =L14*M14 -> 0 | P14: 9 | Q14: =Q$1 -> 1.149 | R14: =P14*Q14 -> 10.341
A15: 11 | B15: 220 260111 | C15: Odvíčkování a zavíčkování krabice na závit | D15: 186 | E15: 36 | F15: =D15+E15 -> 222 | G15: ks | H15: =N15+R15 -> 4.596 | I15: =H15*F15 -> 1020.312 | M15: =$M$1 -> 1.149 | N15: =L15*M15 -> 0 | P15: 4 | Q15: =Q$1 -> 1.149 | R15: =P15*Q15 -> 4.596
A16: 12 | B16: 220 260113 | C16: Odvíčkování a zavíčkování krabice na 4 šrouby | D16: 8 | F16: =D16 -> 8 | G16: ks | H16: =N16+R16 -> 4.596 | I16: =H16*F16 -> 36.768 | M16: =$M$1 -> 1.149 | N16: =L16*M16 -> 0 | P16: 4 | Q16: =Q$1 -> 1.149 | R16: =P16*Q16 -> 4.596
A17: 13 | B17: 220 260552 | C17: Trubka plastová ohebná pod omítkou nebo v podlaze 23 mm (mont. vč. materiálu) | D17: 186 | E17: 265 | F17: =D17+E17 -> 451 | G17: m | H17: =N17+R17 -> 28.40328 | I17: =H17*F17 -> 12809.879 | L17: 5.72 | M17: =$M$1 -> 1.149 | N17: =L17*M17 -> 6.57228 | P17: 19 | Q17: =Q$1 -> 1.149 | R17: =P17*Q17 -> 21.831
A18: 15 | B18: 220 260554 | C18: Trubka plastová ohebná pod omítkou nebo v podlaze 36 mm (mont. vč. materiálu) | D18: 82 | F18: =D18 -> 82 | G18: m | H18: =N18+R18 -> 40.27245 | I18: =H18*F18 -> 3302.3409 | L18: 16.05 | M18: =$M$1 -> 1.149 | N18: =L18*M18 -> 18.44145 | P18: 19 | Q18: =Q$1 -> 1.149 | R18: =P18*Q18 -> 21.831
A19: 16 | B19: 220 260542 | C19: Trubka plastová pevná na povrchu 23 mm (mont. vč. materiálu) | D19: 122 | F19: =D19 -> 122 | G19: m | H19: =N19+R19 -> 39.1809 | I19: =H19*F19 -> 4780.0698 | L19: 15.1 | M19: =$M$1 -> 1.149 | N19: =L19*M19 -> 17.3499 | P19: 19 | Q19: =Q$1 -> 1.149 | R19: =P19*Q19 -> 21.831
A20: 18 | B20: 220 260544 | C20: Trubka plastová pevná na povrchu 36 mm (mont. vč. materiálu) | D20: 66 | F20: =D20 -> 66 | G20: m | H20: =N20+R20 -> 54.003 | I20: =H20*F20 -> 3564.198 | L20: 28 | M20: =$M$1 -> 1.149 | N20: =L20*M20 -> 32.172 | P20: 19 | Q20: =Q$1 -> 1.149 | R20: =P20*Q20 -> 21.831
A21: 19 | B21: KEV.050.0400 | C21: AY 2,5 B | D21: 268 | E21: 265 | F21: =D21+E21 -> 533 | G21: m | H21: =N21+R21 -> 4.0215 | I21: =H21*F21 -> 2143.4595 | L21: 3.5 | M21: =$M$1 -> 1.149 | N21: =L21*M21 -> 4.0215 | Q21: =Q$1 -> 1.149 | R21: =P21*Q21 -> 0
A22: 20 | B22: 220 261661 | C22: Značení trasy vedení | D22: 268 | E22: 265 | F22: =D22+E22 -> 533 | G22: m | H22: =N22+R22 -> 4.8258 | I22: =H22*F22 -> 2572.1514 | M22: =$M$1 -> 1.149 | N22: =L22*M22 -> 0 | P22: 4.2 | Q22: =Q$1 -> 1.149 | R22: =P22*Q22 -> 4.8258
A23: 21 | B23: 220 270301 | C23: Vodič v trubkovodu AY 2,5 | D23: 268 | E23: 265 | F23: =D23+E23 -> 533 | G23: m | H23: =N23+R23 -> 4.596 | I23: =H23*F23 -> 2449.668 | M23: =$M$1 -> 1.149 | N23: =L23*M23 -> 0 | P23: 4 | Q23: =Q$1 -> 1.149 | R23: =P23*Q23 -> 4.596
A24: 22 | B24: 220260722 | C24: Žlab MARS 62/50 mm (mont. vč. základního i instalačního materiálu) | D24: 42 | F24: =D24 -> 42 | G24: m | H24: =N24+R24 -> 367.68 | I24: =H24*F24 -> 15442.56 | L24: 180 | M24: =$M$1 -> 1.149 | N24: =L24*M24 -> 206.82 | P24: 140 | Q24: =Q$1 -> 1.149 | R24: =P24*Q24 -> 160.86
A25: 23 | B25: 220 260722 | C25: Žlab MARS 125/ 50 mm (mont. vč. základního i instalačního materiálu) | D25: 0 | F25: =D25 -> 0 | G25: m | H25: =N25+R25 -> 436.62 | I25: =H25*F25 -> 0 | L25: 220 | M25: =$M$1 -> 1.149 | N25: =L25*M25 -> 252.78 | P25: 160 | Q25: =Q$1 -> 1.149 | R25: =P25*Q25 -> 183.84
A26: 24 | B26: 220 260725 | C26: Žlab MARS 250/50 mm (mont. vč. základního i instalačního materiálu) | D26: 108 | F26: =D26 -> 108 | G26: m | H26: =N26+R26 -> 596.331 | I26: =H26*F26 -> 64403.748 | L26: 319 | M26: =$M$1 -> 1.149 | N26: =L26*M26 -> 366.531 | P26: 200 | Q26: =Q$1 -> 1.149 | R26: =P26*Q26 -> 229.8
A27: 25 | B27: 220 260924 | C27: Kabelový rošt šíře 40cm (mont. vč. základního i instalačního materiálu) | D27: 4 | F27: =D27 -> 4 | G27: m | H27: =N27+R27 -> 884.73 | I27: =H27*F27 -> 3538.92 | L27: 630 | M27: =$M$1 -> 1.149 | N27: =L27*M27 -> 723.87 | P27: 140 | Q27: =Q$1 -> 1.149 | R27: =P27*Q27 -> 160.86
A28: 26 | B28: 220 261101 | C28: Konstrukce ocelová do 5 kg na m (mont. vč. materiálu) | D28: 96 | F28: =D28 -> 96 | G28: ks | H28: =N28+R28 -> 51.705 | I28: =H28*F28 -> 4963.68 | L28: 45 | M28: =$M$1 -> 1.149 | N28: =L28*M28 -> 51.705 | Q28: =Q$1 -> 1.149 | R28: =P28*Q28 -> 0
A29: 27 | B29: 220 261102 | C29: Konstrukce ocelová do 10 kg na m (mont. vč. materiálu) | D29: 216 | F29: =D29 -> 216 | G29: ks | H29: =N29+R29 -> 74.685 | I29: =H29*F29 -> 16131.96 | L29: 65 | M29: =$M$1 -> 1.149 | N29: =L29*M29 -> 74.685 | Q29: =Q$1 -> 1.149 | R29: =P29*Q29 -> 0
A30: 28 | B30: 220 261653 | C30: Uchycení ocelové konstrukce beton | D30: 308 | F30: =D30 -> 308 | G30: ks | H30: =N30+R30 -> 74.685 | I30: =H30*F30 -> 23002.98 | M30: =$M$1 -> 1.149 | N30: =L30*M30 -> 0 | P30: 65 | Q30: =Q$1 -> 1.149 | R30: =P30*Q30 -> 74.685
A31: 29 | B31: 220 261641 | C31: Osazení hmoždinky 6 mm beton (mont. vč. materiálu) | D31: 78 | F31: =D31 -> 78 | G31: ks | H31: =N31+R31 -> 6.894 | I31: =H31*F31 -> 537.732 | M31: =$M$1 -> 1.149 | N31: =L31*M31 -> 0 | P31: 6 | Q31: =Q$1 -> 1.149 | R31: =P31*Q31 -> 6.894
A32: 30 | B32: 220 261642 | C32: Osazení hmoždinky 8 mm beton (mont. vč. materiálu) | D32: 1020 | F32: =D32 -> 1020 | G32: ks | H32: =N32+R32 -> 6.894 | I32: =H32*F32 -> 7031.88 | M32: =$M$1 -> 1.149 | N32: =L32*M32 -> 0 | P32: 6 | Q32: =Q$1 -> 1.149 | R32: =P32*Q32 -> 6.894
A33: 31 | B33: 220 261643 | C33: Osazení hmoždinky 10 mm beton (mont. vč. materiálu) | D33: 84 | F33: =D33 -> 84 | G33: ks | H33: =N33+R33 -> 8.043 | I33: =H33*F33 -> 675.612 | M33: =$M$1 -> 1.149 | N33: =L33*M33 -> 0 | P33: 7 | Q33: =Q$1 -> 1.149 | R33: =P33*Q33 -> 8.043
A34: 32 | B34: 220 261644 | C34: Osazení hmoždinky 12 mm beton (mont. vč. materiálu) | D34: 224 | F34: =D34 -> 224 | G34: ks | H34: =N34+R34 -> 8.043 | I34: =H34*F34 -> 1801.632 | M34: =$M$1 -> 1.149 | N34: =L34*M34 -> 0 | P34: 7 | Q34: =Q$1 -> 1.149 | R34: =P34*Q34 -> 8.043
A35: 33 | B35: 220 730032 | C35: Vyzvednutí stožáru na plochou střechu | D35: 1 | F35: =D35 -> 1 | G35: ks | H35: =N35+R35 -> 172.35 | I35: =H35*F35 -> 172.35 | M35: =$M$1 -> 1.149 | N35: =L35*M35 -> 0 | P35: 150 | Q35: =Q$1 -> 1.149 | R35: =P35*Q35 -> 172.35
A36: 34 | B36: 220 730033 | C36: Vyzvednutí soupravy beton. bloků AT | D36: 1 | F36: =D36 -> 1 | G36: ks | H36: =N36+R36 -> 344.7 | I36: =H36*F36 -> 344.7 | M36: =$M$1 -> 1.149 | N36: =L36*M36 -> 0 | P36: 300 | Q36: =Q$1 -> 1.149 | R36: =P36*Q36 -> 344.7
A37: 35 | B37: 220 730051 | C37: Stožár AT 1 do kotevní konstrukce (mont. vč. materiálu) | D37: 1 | F37: =D37 -> 1 | G37: ks | H37: =N37+R37 -> 172.35 | I37: =H37*F37 -> 172.35 | M37: =$M$1 -> 1.149 | N37: =L37*M37 -> 0 | P37: 150 | Q37: =Q$1 -> 1.149 | R37: =P37*Q37 -> 172.35
A38: 36 | B38: 220 730075 | C38: Kotvení AT 3 do zdi-beton rovná střecha (mont. vč. materiálu) | D38: 1 | F38: =D38 -> 1 | G38: ks | H38: =N38+R38 -> 172.35 | I38: =H38*F38 -> 172.35 | M38: =$M$1 -> 1.149 | N38: =L38*M38 -> 0 | P38: 150 | Q38: =Q$1 -> 1.149 | R38: =P38*Q38 -> 172.35
A39: 37 | B39: 210 020922 | C39: Protipož.ucpávka průch.stěnou t= do 30 cm (mont. vč. materiálu) | D39: 0.2 | F39: =D39 -> 0.2 | G39: m2 | H39: =N39+R39 -> 0 | I39: =H39*F39 -> 0 | M39: =$M$1 -> 1.149 | N39: =L39*M39 -> 0 | Q39: =Q$1 -> 1.149 | R39: =P39*Q39 -> 0
A40: 38 | C40: Koordinace zařízení v zárubních či dveřích | D40: 2 | F40: =D40 -> 2 | G40: hod | H40: =N40+R40 -> 344.7 | I40: =H40*F40 -> 689.4 | M40: =$M$1 -> 1.149 | N40: =L40*M40 -> 0 | P40: 300 | Q40: =Q$1 -> 1.149 | R40: =P40*Q40 -> 344.7
A41: 39 | C41: Značení kabeláží, tras a rozvaděčů | D41: 1 | F41: =D41 -> 1 | G41: kpl | H41: =N41+R41 -> 1723.5 | I41: =H41*F41 -> 1723.5 | M41: =$M$1 -> 1.149 | N41: =L41*M41 -> 0 | P41: 1500 | Q41: =Q$1 -> 1.149 | R41: =P41*Q41 -> 1723.5
A42: 40 | C42: Pomocné montážní práce | D42: 10 | F42: =D42 -> 10 | G42: hod | H42: =N42+R42 -> 517.05 | I42: =H42*F42 -> 5170.5 | M42: =$M$1 -> 1.149 | N42: =L42*M42 -> 0 | P42: 450 | Q42: =Q$1 -> 1.149 | R42: =P42*Q42 -> 517.05
A43: 41 | C43: Nezměřitelné pracovní výkony | D43: 10 | F43: =D43 -> 10 | G43: hod | H43: =N43+R43 -> 517.05 | I43: =H43*F43 -> 5170.5 | M43: =$M$1 -> 1.149 | N43: =L43*M43 -> 0 | P43: 450 | Q43: =Q$1 -> 1.149 | R43: =P43*Q43 -> 517.05
A44: 42 | C44: Drobný elektroinstalační materiál (montáž vč. mat.) | D44: 1 | F44: =D44 -> 1 | G44: kpl | H44: =N44+R44 -> 4596 | I44: =H44*F44 -> 4596 | M44: =$M$1 -> 1.149 | N44: =L44*M44 -> 0 | P44: 4000 | Q44: =Q$1 -> 1.149 | R44: =P44*Q44 -> 4596
A45: 43 | C45: Koordinace podlahových krabic (podl.krabice dodávkou NN) | D45: 4 | F45: =D45 -> 4 | G45: hod | H45: =N45+R45 -> 517.05 | I45: =H45*F45 -> 2068.2 | M45: =$M$1 -> 1.149 | N45: =L45*M45 -> 0 | P45: 450 | Q45: =Q$1 -> 1.149 | R45: =P45*Q45 -> 517.05
A46: 44 | C46: Povrchová úprava prvku do daného odstínu - podrobnisti viz.tech.zpráva | D46: 13 | F46: =D46 -> 13 | G46: kpl | H46: =N46+R46 -> 517.05 | I46: =H46*F46 -> 6721.65 | M46: =$M$1 -> 1.149 | N46: =L46*M46 -> 0 | P46: 450 | Q46: =Q$1 -> 1.149 | R46: =P46*Q46 -> 517.05
I47: =SUM(I5:I46) -> 221057.14
C48: Zemní práce při montážích, montáž + dodávka
A49: No. | B49: Číslo položky | C49: Popis položky | D49: DPS | E49: REV1 příp./odp. | G49: Počet | H49: jedn. cena | I49: celkem
A50: 1 | B50: 460 010024 | C50: Vytyčení trati kabel.ved.v zast.prostoru | D50: 0.9 | F50: =D50 -> 0.9 | G50: km | H50: =N50+R50 -> 0 | I50: =H50*F50 -> 0 | M50: =$M$1 -> 1.149 | N50: =L50*M50 -> 0 | Q50: =Q$1 -> 1.149 | R50: =P50*Q50 -> 0
A51: 2 | B51: 460 080001 | C51: Betonový základ do rostlé zeminy bez bednění | D51: 4.1 | F51: =D51 -> 4.1 | G51: m3 | H51: =N51+R51 -> 0 | I51: =H51*F51 -> 0 | M51: =$M$1 -> 1.149 | N51: =L51*M51 -> 0 | Q51: =Q$1 -> 1.149 | R51: =P51*Q51 -> 0
A52: 3 | B52: 460 120061 | C52: Odvoz zeminy | D52: 42.8 | F52: =D52 -> 42.8 | G52: m3 | H52: =N52+R52 -> 0 | I52: =H52*F52 -> 0 | M52: =$M$1 -> 1.149 | N52: =L52*M52 -> 0 | Q52: =Q$1 -> 1.149 | R52: =P52*Q52 -> 0
A53: 4 | B53: 460 120082 | C53: Skladování zeminy do 14 dnů | D53: 42.8 | F53: =D53 -> 42.8 | G53: m3 | H53: =N53+R53 -> 0 | I53: =H53*F53 -> 0 | M53: =$M$1 -> 1.149 | N53: =L53*M53 -> 0 | Q53: =Q$1 -> 1.149 | R53: =P53*Q53 -> 0
A54: 5 | B54: 460 300006 | C54: Hutnění zeminy,vrstva zeminy do 20 cm | D54: 42.8 | F54: =D54 -> 42.8 | G54: m3 | H54: =N54+R54 -> 0 | I54: =H54*F54 -> 0 | M54: =$M$1 -> 1.149 | N54: =L54*M54 -> 0 | Q54: =Q$1 -> 1.149 | R54: =P54*Q54 -> 0
A55: 6 | B55: 460 200164 | C55: Hloubení kabelové rýhy 35cm šir.,80cm hlub.,zem.tř.4 | D55: 476 | F55: =D55 -> 476 | G55: m | H55: =N55+R55 -> 0 | I55: =H55*F55 -> 0 | M55: =$M$1 -> 1.149 | N55: =L55*M55 -> 0 | Q55: =Q$1 -> 1.149 | R55: =P55*Q55 -> 0
A56: 8 | B56: 460 420372 | C56: Zř.kab.lože,kop.pís.,tl.zás.vrst.10cm,cih.napříč,š.35cm | D56: 476 | F56: =D56 -> 476 | G56: m | H56: =N56+R56 -> 0 | I56: =H56*F56 -> 0 | M56: =$M$1 -> 1.149 | N56: =L56*M56 -> 0 | Q56: =Q$1 -> 1.149 | R56: =P56*Q56 -> 0
A57: 9 | B57: 460 420501 | C57: Křižovatka se silovým kabelem | D57: 9 | F57: =D57 -> 9 | G57: ks | H57: =N57+R57 -> 287.25 | I57: =H57*F57 -> 2585.25 | L57: 250 | M57: =$M$1 -> 1.149 | N57: =L57*M57 -> 287.25 | Q57: =Q$1 -> 1.149 | R57: =P57*Q57 -> 0
A58: 10 | B58: 460 490012 | C58: Krytí kab.fólie výstražné z PVC, šířka 33 cm | D58: 476 | F58: =D58 -> 476 | G58: m | H58: =N58+R58 -> 3.6768 | I58: =H58*F58 -> 1750.1568 | M58: =$M$1 -> 1.149 | N58: =L58*M58 -> 0 | P58: 3.2 | Q58: =Q$1 -> 1.149 | R58: =P58*Q58 -> 3.6768
A59: 11 | B59: 220 060391 | C59: Zaslepení neobsazeného otvoru kabelovodu | D59: 32 | F59: =D59 -> 32 | G59: ks | H59: =N59+R59 -> 379.17 | I59: =H59*F59 -> 12133.44 | M59: =$M$1 -> 1.149 | N59: =L59*M59 -> 0 | P59: 330 | Q59: =Q$1 -> 1.149 | R59: =P59*Q59 -> 379.17
A60: 12 | B60: 220 060411 | C60: Tlakové utěsnění konce- kabelovod z plastu | D60: 32 | F60: =D60 -> 32 | G60: ks | H60: =N60+R60 -> 344.7 | I60: =H60*F60 -> 11030.4 | M60: =$M$1 -> 1.149 | N60: =L60*M60 -> 0 | P60: 300 | Q60: =Q$1 -> 1.149 | R60: =P60*Q60 -> 344.7
A61: 13 | B61: 460 560164 | C61: Ruční zához kab.rýhy,šíř.35cm,hloub.80cm,zemina třídy 4 | D61: 476 | F61: =D61 -> 476 | G61: m | H61: =N61+R61 -> 0 | I61: =H61*F61 -> 0 | M61: =$M$1 -> 1.149 | N61: =L61*M61 -> 0 | Q61: =Q$1 -> 1.149 | R61: =P61*Q61 -> 0
A62: 15 | B62: 460 620014 | C62: Provizorní úprava terénu v přírodní zemině, zem.třídy 4 | D62: 558 | F62: =D62 -> 558 | G62: m2 | H62: =N62+R62 -> 0 | I62: =H62*F62 -> 0 | M62: =$M$1 -> 1.149 | N62: =L62*M62 -> 0 | Q62: =Q$1 -> 1.149 | R62: =P62*Q62 -> 0
A63: 16 | B63: 460 200534 | C63: Hloubení kabelové rýhy 60cm šir.,120cm hlub.,zem.tř.4 | D63: 82 | F63: =D63 -> 82 | G63: m | H63: =N63+R63 -> 0 | I63: =H63*F63 -> 0 | M63: =$M$1 -> 1.149 | N63: =L63*M63 -> 0 | Q63: =Q$1 -> 1.149 | R63: =P63*Q63 -> 0
A64: 17 | B64: 460 560534 | C64: Ruční zához kab.rýhy,šíř.60cm,hloub.120cm,zem.třídy 4 | D64: 82 | F64: =D64 -> 82 | G64: m | H64: =N64+R64 -> 0 | I64: =H64*F64 -> 0 | M64: =$M$1 -> 1.149 | N64: =L64*M64 -> 0 | Q64: =Q$1 -> 1.149 | R64: =P64*Q64 -> 0
A65: 18 | B65: 460 510021 | C65: Kabelový prostup z KOPOFLEX rour, světlost do 150mm | D65: 328 | F65: =D65 -> 328 | G65: m | H65: =N65+R65 -> 87.324 | I65: =H65*F65 -> 28642.272 | L65: 41 | M65: =$M$1 -> 1.149 | N65: =L65*M65 -> 47.109 | P65: 35 | Q65: =Q$1 -> 1.149 | R65: =P65*Q65 -> 40.215
I66: =SUM(I50:I65) -> 56141.519
C68: Rozvod univ.kabelové sítě - montáž
A69: No. | B69: Číslo položky | C69: Popis položky | D69: DPS | E69: REV1 příp./odp. | G69: Počet | H69: jedn. cena | I69: celkem
A70: 1 | C70: Montáž 19" panelu do 24 portů RJ 45 - nestín. | D70: 5 | E70: 2 | F70: =D70+E70 -> 7 | G70: ks | H70: =N70+R70 -> 1556.895 | I70: =H70*F70 -> 10898.265 | P70: 1355 | Q70: =Q$1 -> 1.149 | R70: =P70*Q70 -> 1556.895
A71: 2 | C71: Montáž 19" panelu do 48 portů RJ 45 - nestín. | D71: 1 | E71: -1 | F71: =D71+E71 -> 0 | G71: ks | H71: =N71+R71 -> 3113.79 | I71: =H71*F71 -> 0 | P71: 2710 | Q71: =Q$1 -> 1.149 | R71: =P71*Q71 -> 3113.79
A72: 3 | C72: Montáž 19" pomocného panelu do 4U | D72: 8 | E72: -4 | F72: =D72+E72 -> 4 | G72: ks | H72: =N72+R72 -> 287.25 | I72: =H72*F72 -> 1149 | P72: 250 | Q72: =Q$1 -> 1.149 | R72: =P72*Q72 -> 287.25
A73: 4 | C73: Uložení kabelu 5.-6.kat. nestín. do trubky, žlabu, na rošt | D73: 4875 | E73: 390 | F73: =D73+E73 -> 5265 | G73: m | H73: =N73+R73 -> 20.682 | I73: =H73*F73 -> 108890.73 | P73: 18 | Q73: =Q$1 -> 1.149 | R73: =P73*Q73 -> 20.682
A74: 5 | C74: Ukončení - forma na kabelu 5.-6.kat. nestín. | D74: 150 | E74: 12 | F74: =D74+E74 -> 162 | G74: ks | H74: =N74+R74 -> 55.152 | I74: =H74*F74 -> 8934.624 | P74: 48 | Q74: =Q$1 -> 1.149 | R74: =P74*Q74 -> 55.152
A75: 6 | C75: Měření 1 segmentu kabelu 5.-6.kat. nestín. | D75: 75 | E75: 6 | F75: =D75+E75 -> 81 | G75: ks | H75: =N75+R75 -> 40.215 | I75: =H75*F75 -> 3257.415 | P75: 35 | Q75: =Q$1 -> 1.149 | R75: =P75*Q75 -> 40.215
A76: 7 | C76: Sestavení a montáž zásuvky do 2 modulů RJ 45 | D76: 33 | E76: 1 | F76: =D76+E76 -> 34 | G76: ks | H76: =N76+R76 -> 151.668 | I76: =H76*F76 -> 5156.712 | P76: 132 | Q76: =Q$1 -> 1.149 | R76: =P76*Q76 -> 151.668
A77: 8 | C77: Montáž modulu zásuvky RJ 45 - nestín. | D77: 66 | E77: 2 | F77: =D77+E77 -> 68 | G77: ks | H77: =N77+R77 -> 65.493 | I77: =H77*F77 -> 4453.524 | P77: 57 | Q77: =Q$1 -> 1.149 | R77: =P77*Q77 -> 65.493
A78: 9 | C78: Údaj do měř. protokolu pro 1 segment sítě 5.-6. kat. nestín. | D78: 75 | E78: 6 | F78: =D78+E78 -> 81 | G78: ks | H78: =N78+R78 -> 33.321 | I78: =H78*F78 -> 2699.001 | P78: 29 | Q78: =Q$1 -> 1.149 | R78: =P78*Q78 -> 33.321
A79: 10 | C79: Kompletace a vyhotovení měřícího protokolu | D79: 8 | F79: =D79 -> 8 | G79: hod | H79: =N79+R79 -> 631.95 | I79: =H79*F79 -> 5055.6 | P79: 550 | Q79: =Q$1 -> 1.149 | R79: =P79*Q79 -> 631.95
A80: 11 | B80: PC0066660 | C80: Montáž stojanové 19" skříně (RACKu) nad 40U | D80: 1 | F80: =D80 -> 1 | G80: ks | H80: =N80+R80 -> 2137.14 | I80: =H80*F80 -> 2137.14 | P80: 1860 | Q80: =Q$1 -> 1.149 | R80: =P80*Q80 -> 2137.14
A81: 12 | C81: Montáž 19" police pro nestandardní komponenty | D81: 8 | E81: -5 | F81: =D81+E81 -> 3 | G81: ks | H81: =N81+R81 -> 229.8 | I81: =H81*F81 -> 689.4 | P81: 200 | Q81: =Q$1 -> 1.149 | R81: =P81*Q81 -> 229.8
A82: 13 | B82: PC0066600 | C82: Montáž kompletního panelu přívodu NN | D82: 3 | E82: 1 | F82: =D82+E82 -> 4 | G82: ks | H82: =N82+R82 -> 172.35 | I82: =H82*F82 -> 689.4 | P82: 150 | Q82: =Q$1 -> 1.149 | R82: =P82*Q82 -> 172.35
A83: 14 | B83: PC0066610 | C83: Montáž ventilační jednotky do RACKu | D83: 2 | E83: 1 | F83: =D83+E83 -> 3 | G83: ks | H83: =N83+R83 -> 229.8 | I83: =H83*F83 -> 689.4 | P83: 200 | Q83: =Q$1 -> 1.149 | R83: =P83*Q83 -> 229.8
A84: 15 | B84: 220 110643 | C84: Závěrečné práce ve skříni RACK | D84: 2 | E84: 1 | F84: =D84+E84 -> 3 | G84: ks | H84: =N84+R84 -> 402.15 | I84: =H84*F84 -> 1206.45 | P84: 350 | Q84: =Q$1 -> 1.149 | R84: =P84*Q84 -> 402.15
A85: 16 | B85: 220 111761 | C85: Svorka uzemňovací (mont. vč. materiálu) | D85: 2 | E85: 1 | F85: =D85+E85 -> 3 | G85: ks | H85: =N85+R85 -> 57.45 | I85: =H85*F85 -> 172.35 | P85: 50 | Q85: =Q$1 -> 1.149 | R85: =P85*Q85 -> 57.45
A86: 17 | B86: 220 111765 | C86: Změření zemního odporu | D86: 2 | E86: 1 | F86: =D86+E86 -> 3 | G86: ks | H86: =N86+R86 -> 33.321 | I86: =H86*F86 -> 99.963 | P86: 29 | Q86: =Q$1 -> 1.149 | R86: =P86*Q86 -> 33.321
A87: 18 | B87: KEV.000.8730 | C87: CY 4 H | D87: 80 | E87: 40 | F87: =D87+E87 -> 120 | G87: m | H87: =N87+R87 -> 6.894 | I87: =H87*F87 -> 827.28 | P87: 6 | Q87: =Q$1 -> 1.149 | R87: =P87*Q87 -> 6.894
A88: 19 | B88: 220 111876 | C88: Uzem.rozvaděče (mont. vč. materiálu) | D88: 2 | E88: 1 | F88: =D88+E88 -> 3 | G88: ks | H88: =N88+R88 -> 78.132 | I88: =H88*F88 -> 234.396 | P88: 68 | Q88: =Q$1 -> 1.149 | R88: =P88*Q88 -> 78.132
A89: 20 | B89: 220 270324 | C89: Vodič v trubkovodu CY 4 | D89: 80 | E89: 40 | F89: =D89+E89 -> 120 | G89: m | H89: =N89+R89 -> 16.086 | I89: =H89*F89 -> 1930.32 | P89: 14 | Q89: =Q$1 -> 1.149 | R89: =P89*Q89 -> 16.086
A90: 21 | C90: Pomocné montážní práce | D90: 12 | F90: =D90 -> 12 | G90: hod | H90: =N90+R90 -> 402.15 | I90: =H90*F90 -> 4825.8 | P90: 350 | Q90: =Q$1 -> 1.149 | R90: =P90*Q90 -> 402.15
A91: 22 | C91: Nezměřitelné pracovní výkony | D91: 12 | F91: =D91 -> 12 | G91: hod | H91: =N91+R91 -> 402.15 | I91: =H91*F91 -> 4825.8 | P91: 350 | Q91: =Q$1 -> 1.149 | R91: =P91*Q91 -> 402.15
A92: 23 | B92: 220 061805 | C92: Zatažení svetlovod.kabelu 2-8vl. ručně - vlákna MM | D92: 112 | E92: =0-D92 -> -112 | F92: =D92+E92 -> 0 | G92: m | H92: =N92+R92 -> 20.682 | I92: =H92*F92 -> 0 | P92: 18 | Q92: =Q$1 -> 1.149 | R92: =P92*Q92 -> 20.682
A93: 24 | B93: 220 061831 | C93: Svaření 1 vl. svetlovod.kabelu - vlákna MM | D93: 32 | E93: =0-D93 -> -32 | F93: =D93+E93 -> 0 | G93: ks | H93: =N93+R93 -> 178.095 | I93: =H93*F93 -> 0 | P93: 155 | Q93: =Q$1 -> 1.149 | R93: =P93*Q93 -> 178.095
A94: 25 | B94: 220 061835 | C94: Příprava svetlovod.kab. k ukonč., spojk. 2-8vl. - vlákna MM | D94: 4 | E94: =0-D94 -> -4 | F94: =D94+E94 -> 0 | G94: ks | H94: =N94+R94 -> 17.235 | I94: =H94*F94 -> 0 | P94: 15 | Q94: =Q$1 -> 1.149 | R94: =P94*Q94 -> 17.235
A95: 26 | B95: 220 061845 | C95: Uložení konce (spoj) svetlovod kab. 2-8vl. v kab. rozv. - vlákna MM | D95: 4 | E95: =0-D95 -> -4 | F95: =D95+E95 -> 0 | G95: ks | H95: =N95+R95 -> 183.84 | I95: =H95*F95 -> 0 | P95: 160 | Q95: =Q$1 -> 1.149 | R95: =P95*Q95 -> 183.84
A96: 27 | B96: 220 061910 | C96: Montáž panelu 19" pro ukončení opt.kab. do 24 portů prázdný | D96: 4 | E96: =0-D96 -> -4 | F96: =D96+E96 -> 0 | G96: ks | H96: =N96+R96 -> 109.155 | I96: =H96*F96 -> 0 | P96: 95 | Q96: =Q$1 -> 1.149 | R96: =P96*Q96 -> 109.155
A97: 28 | B97: 220 062330 | C97: Montáž adaptéru dvojitého (MT-RJ, SC, ST) pro vlákna MM | D97: 16 | E97: =0-D97 -> -16 | F97: =D97+E97 -> 0 | G97: ks | H97: =N97+R97 -> 51.705 | I97: =H97*F97 -> 0 | P97: 45 | Q97: =Q$1 -> 1.149 | R97: =P97*Q97 -> 51.705
A98: 29 | B98: 220 062370 | C98: Montáž pigtailu pro vlákna MM | D98: 32 | E98: =0-D98 -> -32 | F98: =D98+E98 -> 0 | G98: ks | H98: =N98+R98 -> 45.96 | I98: =H98*F98 -> 0 | P98: 40 | Q98: =Q$1 -> 1.149 | R98: =P98*Q98 -> 45.96
A99: 30 | B99: 220 062450 | C99: Montáž kazety pro sváry na kabelu - vlákna MM | D99: 4 | E99: =0-D99 -> -4 | F99: =D99+E99 -> 0 | G99: ks | H99: =N99+R99 -> 137.88 | I99: =H99*F99 -> 0 | P99: 120 | Q99: =Q$1 -> 1.149 | R99: =P99*Q99 -> 137.88
A100: 31 | B100: 220 062470 | C100: Ochrana sváru vlákna MM | D100: 32 | E100: =0-D100 -> -32 | F100: =D100+E100 -> 0 | G100: ks | H100: =N100+R100 -> 31.023 | I100: =H100*F100 -> 0 | P100: 27 | Q100: =Q$1 -> 1.149 | R100: =P100*Q100 -> 31.023
A101: 32 | B101: 220 062510 | C101: Uložení délkové rezervy opt.kabelu do 50m - vlákna MM | D101: 4 | E101: =0-D101 -> -4 | F101: =D101+E101 -> 0 | G101: ks | H101: =N101+R101 -> 109.155 | I101: =H101*F101 -> 0 | P101: 95 | Q101: =Q$1 -> 1.149 | R101: =P101*Q101 -> 109.155
...

Sheet NN + VO
B1: Název | C1: Mj | D1: Počet | E1: Materiál | F1: Materiál celkem | G1: Montáž | H1: Montáž celkem | I1: Cena | J1: Cena celkem | O1: =REK!F5 -> 1.149 | T1: =SUM(O1) -> 1.149
N2: Dodávka "A" | O2: Koeficient | P2: Dodávka "C" | S2: Montáž "A" | T2: Koeficient | U2: Montáž "C"
B3: Elektromontáže
B5: D.1.13 - SO 44 Přípojka NN, Areálové rozvody NN a VO
B7: Rozváděč (pilíř) nabíjecí stanice
B8: Skříň PR2S, Elpalst Rokycany | C8: ks | D8: 1 | E8: =SUM(P8) -> 9768.212 | F8: =D8*E8 -> 9768.212 | G8: =SUM(U8) -> 3907.2848 | H8: =D8*G8 -> 3907.2848 | I8: =E8+G8 -> 13675.497 | J8: =F8+H8 -> 13675.497 | N8: 8501.49 | O8: =$O$1 -> 1.149 | P8: =SUM(O8*N8) -> 9768.212 | Q8: =SUM(N8*D8) -> 8501.49 | S8: =SUM(N8*0.4) -> 3400.596 | T8: =$T$1 -> 1.149 | U8: =SUM(T8*S8) -> 3907.2848 | V8: =SUM(S8*D8) -> 3400.596
B9: Zámek čtyřhran | C9: ks | D9: 2 | E9: =SUM(P9) -> 103.65129 | F9: =D9*E9 -> 207.30258 | G9: =SUM(U9) -> 287.25 | H9: =D9*G9 -> 574.5 | I9: =E9+G9 -> 390.90129 | J9: =F9+H9 -> 781.80258 | L9: =SUM(J9) -> 781.80258 | N9: 90.21 | O9: =$O$1 -> 1.149 | P9: =SUM(O9*N9) -> 103.65129 | Q9: =SUM(N9*D9) -> 180.42 | S9: 250 | T9: =$T$1 -> 1.149 | U9: =SUM(T9*S9) -> 287.25 | V9: =SUM(S9*D9) -> 500
B10: Montážní panel 2M | C10: ks | D10: 1 | E10: =SUM(P10) -> 1003.6975 | F10: =D10*E10 -> 1003.6975 | G10: =SUM(U10) -> 517.05 | H10: =D10*G10 -> 517.05 | I10: =E10+G10 -> 1520.7475 | J10: =F10+H10 -> 1520.7475 | N10: 873.54 | O10: =$O$1 -> 1.149 | P10: =SUM(O10*N10) -> 1003.6975 | Q10: =SUM(N10*D10) -> 873.54 | S10: 450 | T10: =$T$1 -> 1.149 | U10: =SUM(T10*S10) -> 517.05 | V10: =SUM(S10*D10) -> 450
B11: ŘADOVÁ SVORKOVNICE | Q11: =SUM(N11*D11) -> 0 | V11: =SUM(S11*D11) -> 0
B12: RSA25 | C12: ks | D12: 5 | E12: =SUM(P12) -> 41.529456 | F12: =D12*E12 -> 207.64728 | G12: =SUM(U12) -> 22.98 | H12: =D12*G12 -> 114.9 | I12: =E12+G12 -> 64.509456 | J12: =F12+H12 -> 322.54728 | N12: 36.144 | O12: =$O$1 -> 1.149 | P12: =SUM(O12*N12) -> 41.529456 | Q12: =SUM(N12*D12) -> 180.72 | S12: 20 | T12: =$T$1 -> 1.149 | U12: =SUM(T12*S12) -> 22.98 | V12: =SUM(S12*D12) -> 100
B13: Rozváděč (pilíř) nabíjecí stanice - celkem | F13: =SUM(F8:F12) -> 11186.859 | H13: =SUM(H8:H12) -> 5113.7348 | J13: =SUM(J8:J12) -> 16300.594 | Q13: =SUM(N13*D13) -> 0 | V13: =SUM(S13*D13) -> 0
Q14: =SUM(N14*D14) -> 0 | V14: =SUM(S14*D14) -> 0
B15: Svítidla | Q15: =SUM(N15*D15) -> 0 | V15: =SUM(S15*D15) -> 0
B16: CHA1 (H1) - THOME Lighting s.r.o. MOD0007_280W_840_60° MODY, 42000lm,280W,IP66,4K,60°, | C16: ks | D16: 5 | E16: =SUM(P16) -> 0 | F16: =D16*E16 -> 0 | G16: =SUM(U16) -> 402.15 | H16: =D16*G16 -> 2010.75 | I16: =E16+G16 -> 402.15 | J16: =F16+H16 -> 2010.75 | O16: =$O$1 -> 1.149 | P16: =SUM(O16*N16) -> 0 | Q16: =SUM(N16*D16) -> 0 | S16: 350 | T16: =$T$1 -> 1.149 | U16: =SUM(T16*S16) -> 402.15 | V16: =SUM(S16*D16) -> 1750
B17: V1 - THOME Lighting s.r.o. TIT2010_69 TITANIA 2G,7800lm, 57W, IP65, 4K, ASTRODIM+CLO | C17: ks | D17: 1 | E17: =SUM(P17) -> 0 | F17: =D17*E17 -> 0 | G17: =SUM(U17) -> 402.15 | H17: =D17*G17 -> 402.15 | I17: =E17+G17 -> 402.15 | J17: =F17+H17 -> 402.15 | O17: =$O$1 -> 1.149 | P17: =SUM(O17*N17) -> 0 | Q17: =SUM(N17*D17) -> 0 | S17: 350 | T17: =$T$1 -> 1.149 | U17: =SUM(T17*S17) -> 402.15 | V17: =SUM(S17*D17) -> 350
B18: SL002 Poplatek za recyklaci svítidla | C18: ks | D18: 6 | E18: =SUM(P18) -> 0 | F18: =D18*E18 -> 0 | G18: =SUM(U18) -> 0 | H18: =D18*G18 -> 0 | I18: =E18+G18 -> 0 | J18: =F18+H18 -> 0 | O18: =$O$1 -> 1.149 | P18: =SUM(O18*N18) -> 0 | Q18: =SUM(N18*D18) -> 0 | T18: =$T$1 -> 1.149 | U18: =SUM(T18*S18) -> 0 | V18: =SUM(S18*D18) -> 0
B19: Svítidla - celkem | F19: =SUM(F16:F18) -> 0 | H19: =SUM(H16:H18) -> 2412.9 | J19: =SUM(J16:J18) -> 2412.9 | Q19: =SUM(N19*D19) -> 0 | V19: =SUM(S19*D19) -> 0
Q20: =SUM(N20*D20) -> 0 | V20: =SUM(S20*D20) -> 0
B21: Sloupy VO | Q21: =SUM(N21*D21) -> 0 | V21: =SUM(S21*D21) -> 0
B22: OSVĚTLOVACÍ STOŽÁR BEZPATICOVÝ | Q22: =SUM(N22*D22) -> 0 | V22: =SUM(S22*D22) -> 0
B23: METALIZOVANÝ | K23: nově | M23: původní | Q23: =SUM(N23*D23) -> 0 | V23: =SUM(S23*D23) -> 0
B24: JBUD14 DD, jmenovitá výška nad zemí 14m. stožár silniční, bezpaticový, dvoudílný | C24: ks | D24: 2 | E24: =SUM(P24) -> 18457.778 | F24: =D24*E24 -> 36915.556 | G24: =SUM(U24) -> 3964.05 | H24: =D24*G24 -> 7928.1 | I24: =E24+G24 -> 22421.828 | J24: =F24+H24 -> 44843.656 | K24: =SUM(L24)*D24 -> 28826 | L24: 14413 | M24: =SUM(N24*D24) -> 32128.421 | N24: 16064.211 | O24: =$O$1 -> 1.149 | P24: =SUM(O24*N24) -> 18457.778 | Q24: =SUM(N24*D24) -> 32128.421 | S24: 3450 | T24: =$T$1 -> 1.149 | U24: =SUM(T24*S24) -> 3964.05 | V24: =SUM(S24*D24) -> 6900
B25: JBUD9 9m, jmenovitá výška nad zemí 9m. stožár silniční, bezpaticový | C25: ks | D25: 1 | E25: =SUM(P25) -> 9853.5821 | F25: =D25*E25 -> 9853.5821 | G25: =SUM(U25) -> 3332.1 | H25: =D25*G25 -> 3332.1 | I25: =E25+G25 -> 13185.682 | J25: =F25+H25 -> 13185.682 | K25: =SUM(L25)*D25 -> 7263 | L25: 7263 | M25: =SUM(N25*D25) -> 8575.7895 | N25: 8575.7895 | O25: =$O$1 -> 1.149 | P25: =SUM(O25*N25) -> 9853.5821 | Q25: =SUM(N25*D25) -> 8575.7895 | S25: 2900 | T25: =$T$1 -> 1.149 | U25: =SUM(T25*S25) -> 3332.1 | V25: =SUM(S25*D25) -> 2900
B26: VÝLOŽNÍK | K26: =SUM(L26)*D26 -> 0 | M26: =SUM(N26*D26) -> 0 | Q26: =SUM(N26*D26) -> 0 | V26: =SUM(S26*D26) -> 0
B27: Držák reflektorů, typ TR2-1500-PL (AMAKO) pro dva reflektory | C27: ks | D27: 1 | E27: =SUM(P27) -> 3909.0189 | F27: =D27*E27 -> 3909.0189 | G27: =SUM(U27) -> 689.4 | H27: =D27*G27 -> 689.4 | I27: =E27+G27 -> 4598.4189 | J27: =F27+H27 -> 4598.4189 | K27: =SUM(L27)*D27 -> 2741 | L27: 2741 | M27: =SUM(N27*D27) -> 3402.1053 | N27: 3402.1053 | O27: =$O$1 -> 1.149 | P27: =SUM(O27*N27) -> 3909.0189 | Q27: =SUM(N27*D27) -> 3402.1053 | S27: 600 | T27: =$T$1 -> 1.149 | U27: =SUM(T27*S27) -> 689.4 | V27: =SUM(S27*D27) -> 600
B28: Držák reflektorů, typ TR3-1500-PL (AMAKO) pro tři reflektory | C28: ks | D28: 1 | E28: =SUM(P28) -> 0 | F28: =D28*E28 -> 0 | G28: =SUM(U28) -> 689.4 | H28: =D28*G28 -> 689.4 | I28: =E28+G28 -> 689.4 | J28: =F28+H28 -> 689.4 | K28: =SUM(L28)*D28 -> 3995 | L28: 3995 | M28: =SUM(N28*D28) -> 0 | O28: =$O$1 -> 1.149 | P28: =SUM(O28*N28) -> 0 | Q28: =SUM(N28*D28) -> 0 | S28: 600 | T28: =$T$1 -> 1.149 | U28: =SUM(T28*S28) -> 689.4 | V28: =SUM(S28*D28) -> 600
B29: UD 1/89-1000, výložník rovný pro stožáry typu JB, JBUD, LPH, J | C29: ks | D29: 1 | E29: =SUM(P29) -> 1196.1695 | F29: =D29*E29 -> 1196.1695 | G29: =SUM(U29) -> 689.4 | H29: =D29*G29 -> 689.4 | I29: =E29+G29 -> 1885.5695 | J29: =F29+H29 -> 1885.5695 | K29: =SUM(L29)*D29 -> 934 | L29: 934 | M29: =SUM(N29*D29) -> 1041.0526 | N29: 1041.0526 | O29: =$O$1 -> 1.149 | P29: =SUM(O29*N29) -> 1196.1695 | Q29: =SUM(N29*D29) -> 1041.0526 | S29: 600 | T29: =$T$1 -> 1.149 | U29: =SUM(T29*S29) -> 689.4 | V29: =SUM(S29*D29) -> 600
B30: STOŽÁROVÁ VÝZBROJ | K30: =SUM(L30)*D30 -> 0 | M30: =SUM(N30*D30) -> 0 | Q30: =SUM(N30*D30) -> 0 | V30: =SUM(S30*D30) -> 0
B31: SV 6.16.4 | C31: ks | D31: 1 | E31: =SUM(P31) -> 404.87132 | F31: =D31*E31 -> 404.87132 | G31: =SUM(U31) -> 631.95 | H31: =D31*G31 -> 631.95 | I31: =E31+G31 -> 1036.8213 | J31: =F31+H31 -> 1036.8213 | K31: =SUM(L31)*D31 -> 352 | L31: 352 | M31: =SUM(N31*D31) -> 352.36842 | N31: 352.36842 | O31: =$O$1 -> 1.149 | P31: =SUM(O31*N31) -> 404.87132 | Q31: =SUM(N31*D31) -> 352.36842 | S31: 550 | T31: =$T$1 -> 1.149 | U31: =SUM(T31*S31) -> 631.95 | V31: =SUM(S31*D31) -> 550
B32: SV 6.16.4/2 | C32: ks | D32: 1 | E32: =SUM(P32) -> 444.92908 | F32: =D32*E32 -> 444.92908 | G32: =SUM(U32) -> 631.95 | H32: =D32*G32 -> 631.95 | I32: =E32+G32 -> 1076.8791 | J32: =F32+H32 -> 1076.8791 | K32: =SUM(L32)*D32 -> 384 | L32: 384 | M32: =SUM(N32*D32) -> 387.23158 | N32: 387.23158 | O32: =$O$1 -> 1.149 | P32: =SUM(O32*N32) -> 444.92908 | Q32: =SUM(N32*D32) -> 387.23158 | S32: 550 | T32: =$T$1 -> 1.149 | U32: =SUM(T32*S32) -> 631.95 | V32: =SUM(S32*D32) -> 550
B33: SV 6.16.4/3 | C33: ks | D33: 1 | E33: =SUM(P33) -> 459.6 | F33: =D33*E33 -> 459.6 | G33: =SUM(U33) -> 746.85 | H33: =D33*G33 -> 746.85 | I33: =E33+G33 -> 1206.45 | J33: =F33+H33 -> 1206.45 | N33: 400 | O33: =$O$1 -> 1.149 | P33: =SUM(O33*N33) -> 459.6 | Q33: =SUM(N33*D33) -> 400 | S33: 650 | T33: =$T$1 -> 1.149 | U33: =SUM(T33*S33) -> 746.85 | V33: =SUM(S33*D33) -> 650
B34: Sloupy VO - celkem | F34: =SUM(F22:F33) -> 53183.727 | H34: =SUM(H22:H33) -> 15339.15 | J34: =SUM(J22:J33) -> 68522.877 | K34: =SUM(K24:K33) -> 44495 | M34: =SUM(M24:M33) -> 45886.968 | Q34: =SUM(N34*D34) -> 0 | V34: =SUM(S34*D34) -> 0
Q35: =SUM(N35*D35) -> 0 | V35: =SUM(S35*D35) -> 0
B36: Kabely | Q36: =SUM(N36*D36) -> 0 | V36: =SUM(S36*D36) -> 0
B37: KABEL SILOVÝ,IZOLACE PVC,1kV | Q37: =SUM(N37*D37) -> 0 | V37: =SUM(S37*D37) -> 0
B38: AYKY-J 3x120+70 | C38: m | D38: 350 | E38: =SUM(P38) -> 204.36477 | F38: =D38*E38 -> 71527.669 | G38: =SUM(U38) -> 51.705 | H38: =D38*G38 -> 18096.75 | I38: =E38+G38 -> 256.06977 | J38: =F38+H38 -> 89624.419 | N38: 177.86316 | O38: =$O$1 -> 1.149 | P38: =SUM(O38*N38) -> 204.36477 | Q38: =SUM(N38*D38) -> 62252.105 | S38: 45 | T38: =$T$1 -> 1.149 | U38: =SUM(T38*S38) -> 51.705 | V38: =SUM(S38*D38) -> 15750
B39: KABEL SILOVÝ,IZOLACE PVC | Q39: =SUM(N39*D39) -> 0 | V39: =SUM(S39*D39) -> 0
B40: CYKY-O 5x1.5 | C40: m | D40: 140 | E40: =SUM(P40) -> 22.592968 | F40: =D40*E40 -> 3163.0156 | G40: =SUM(U40) -> 25.278 | H40: =D40*G40 -> 3538.92 | I40: =E40+G40 -> 47.870968 | J40: =F40+H40 -> 6701.9356 | N40: 19.663158 | O40: =$O$1 -> 1.149 | P40: =SUM(O40*N40) -> 22.592968 | Q40: =SUM(N40*D40) -> 2752.8421 | S40: 22 | T40: =$T$1 -> 1.149 | U40: =SUM(T40*S40) -> 25.278 | V40: =SUM(S40*D40) -> 3080
B41: CYKY-O 4x1.5 | C41: m | D41: 175 | E41: =SUM(P41) -> 19.085495 | F41: =D41*E41 -> 3339.9616 | G41: =SUM(U41) -> 25.278 | H41: =D41*G41 -> 4423.65 | I41: =E41+G41 -> 44.363495 | J41: =F41+H41 -> 7763.6116 | N41: 16.610526 | O41: =$O$1 -> 1.149 | P41: =SUM(O41*N41) -> 19.085495 | Q41: =SUM(N41*D41) -> 2906.8421 | S41: 22 | T41: =$T$1 -> 1.149 | U41: =SUM(T41*S41) -> 25.278 | V41: =SUM(S41*D41) -> 3850
B42: KABEL SILOVÝ,IZOLACE PVC | Q42: =SUM(N42*D42) -> 0 | V42: =SUM(S42*D42) -> 0
B43: CYKY-J 3x1.5 | C43: m | D43: 120 | E43: =SUM(P43) -> 13.618674 | F43: =D43*E43 -> 1634.2408 | G43: =SUM(U43) -> 25.278 | H43: =D43*G43 -> 3033.36 | I43: =E43+G43 -> 38.896674 | J43: =F43+H43 -> 4667.6008 | N43: 11.852632 | O43: =$O$1 -> 1.149 | P43: =SUM(O43*N43) -> 13.618674 | Q43: =SUM(N43*D43) -> 1422.3158 | S43: 22 | T43: =$T$1 -> 1.149 | U43: =SUM(T43*S43) -> 25.278 | V43: =SUM(S43*D43) -> 2640
B44: CYKY-J 3x 4 | C44: m | D44: 90 | E44: =SUM(P44) -> 37.251789 | F44: =D44*E44 -> 3352.6611 | G44: =SUM(U44) -> 28.725 | H44: =D44*G44 -> 2585.25 | I44: =E44+G44 -> 65.976789 | J44: =F44+H44 -> 5937.9111 | N44: 32.421053 | O44: =$O$1 -> 1.149 | P44: =SUM(O44*N44) -> 37.251789 | Q44: =SUM(N44*D44) -> 2917.8947 | S44: 25 | T44: =$T$1 -> 1.149 | U44: =SUM(T44*S44) -> 28.725 | V44: =SUM(S44*D44) -> 2250
B45: CYKY-J 5x16 | C45: m | D45: 40 | E45: =SUM(P45) -> 232.13428 | F45: =D45*E45 -> 9285.3714 | G45: =SUM(U45) -> 34.47 | H45: =D45*G45 -> 1378.8 | I45: =E45+G45 -> 266.60428 | J45: =F45+H45 -> 10664.171 | N45: 202.03158 | O45: =$O$1 -> 1.149 | P45: =SUM(O45*N45) -> 232.13428 | Q45: =SUM(N45*D45) -> 8081.2632 | S45: 30 | T45: =$T$1 -> 1.149 | U45: =SUM(T45*S45) -> 34.47 | V45: =SUM(S45*D45) -> 1200
B46: CYKY-J 4x16 | C46: m | D46: 550 | E46: =SUM(P46) -> 187.83126 | F46: =D46*E46 -> 103307.19 | G46: =SUM(U46) -> 34.47 | H46: =D46*G46 -> 18958.5 | I46: =E46+G46 -> 222.30126 | J46: =F46+H46 -> 122265.69 | N46: 163.47368 | O46: =$O$1 -> 1.149 | P46: =SUM(O46*N46) -> 187.83126 | Q46: =SUM(N46*D46) -> 89910.526 | S46: 30 | T46: =$T$1 -> 1.149 | U46: =SUM(T46*S46) -> 34.47 | V46: =SUM(S46*D46) -> 16500
B47: KABEL SILOVÝ,IZOLACE PVC | Q47: =SUM(N47*D47) -> 0 | V47: =SUM(S47*D47) -> 0
B48: CYKY-J 4x25 | C48: m | D48: 65 | E48: =SUM(P48) -> 59.748 | F48: =D48*E48 -> 3883.62 | G48: =SUM(U48) -> 34.47 | H48: =D48*G48 -> 2240.55 | I48: =E48+G48 -> 94.218 | J48: =F48+H48 -> 6124.17 | N48: 52 | O48: =$O$1 -> 1.149 | P48: =SUM(O48*N48) -> 59.748 | Q48: =SUM(N48*D48) -> 3380 | S48: 30 | T48: =$T$1 -> 1.149 | U48: =SUM(T48*S48) -> 34.47 | V48: =SUM(S48*D48) -> 1950
B49: Kabely - celkem | F49: =SUM(F37:F48) -> 199493.73 | H49: =SUM(H37:H48) -> 54255.78 | J49: =SUM(J37:J48) -> 253749.51 | Q49: =SUM(N49*D49) -> 0 | V49: =SUM(S49*D49) -> 0
Q50: =SUM(N50*D50) -> 0 | V50: =SUM(S50*D50) -> 0
B51: Kabelové trasy, nosné konstrukce | Q51: =SUM(N51*D51) -> 0 | V51: =SUM(S51*D51) -> 0
B52: KF 09160 TRUBKA KOPOFLEX 160 | C52: m | D52: 120 | E52: =SUM(P52) -> 84.179368 | F52: =D52*E52 -> 10101.524 | G52: =SUM(U52) -> 40.215 | H52: =D52*G52 -> 4825.8 | I52: =E52+G52 -> 124.39437 | J52: =F52+H52 -> 14927.324 | N52: 73.263158 | O52: =$O$1 -> 1.149 | P52: =SUM(O52*N52) -> 84.179368 | Q52: =SUM(N52*D52) -> 8791.5789 | S52: 35 | T52: =$T$1 -> 1.149 | U52: =SUM(T52*S52) -> 40.215 | V52: =SUM(S52*D52) -> 4200
B53: Zatažení kabelu do trubky do váhy do 9 kg/m | C53: m | D53: 120 | E53: =SUM(P53) -> 0 | F53: =D53*E53 -> 0 | G53: =SUM(U53) -> 34.47 | H53: =D53*G53 -> 4136.4 | I53: =E53+G53 -> 34.47 | J53: =F53+H53 -> 4136.4 | O53: =$O$1 -> 1.149 | P53: =SUM(O53*N53) -> 0 | Q53: =SUM(N53*D53) -> 0 | S53: 30 | T53: =$T$1 -> 1.149 | U53: =SUM(T53*S53) -> 34.47 | V53: =SUM(S53*D53) -> 3600
B54: Kabelové trasy, nosné konstrukce - celkem | F54: =SUM(F52:F53) -> 10101.524 | H54: =SUM(H52:H53) -> 8962.2 | J54: =SUM(J52:J53) -> 19063.724 | Q54: =SUM(N54*D54) -> 0 | V54: =SUM(S54*D54) -> 0
Q55: =SUM(N55*D55) -> 0 | V55: =SUM(S55*D55) -> 0
B56: Ukončení vodičů | Q56: =SUM(N56*D56) -> 0 | V56: =SUM(S56*D56) -> 0
B57: KABELOVÁ KONCOVKA DO 1KV | Q57: =SUM(N57*D57) -> 0 | V57: =SUM(S57*D57) -> 0
B58: KSCZ4X 6-25 | C58: ks | D58: 15 | E58: =SUM(P58) -> 200.16789 | F58: =D58*E58 -> 3002.5184 | G58: =SUM(U58) -> 103.41 | H58: =D58*G58 -> 1551.15 | I58: =E58+G58 -> 303.57789 | J58: =F58+H58 -> 4553.6684 | L58: =SUM(J58) -> 4553.6684 | N58: 174.21053 | O58: =$O$1 -> 1.149 | P58: =SUM(O58*N58) -> 200.16789 | Q58: =SUM(N58*D58) -> 2613.1579 | S58: 90 | T58: =$T$1 -> 1.149 | U58: =SUM(T58*S58) -> 103.41 | V58: =SUM(S58*D58) -> 1350
B59: KSCZ4X 16-50 | C59: ks | D59: 4 | E59: =SUM(P59) -> 221.45463 | F59: =D59*E59 -> 885.81853 | G59: =SUM(U59) -> 103.41 | H59: =D59*G59 -> 413.64 | I59: =E59+G59 -> 324.86463 | J59: =F59+H59 -> 1299.4585 | L59: =SUM(J59) -> 1299.4585 | N59: 192.73684 | O59: =$O$1 -> 1.149 | P59: =SUM(O59*N59) -> 221.45463 | Q59: =SUM(N59*D59) -> 770.94737 | S59: 90 | T59: =$T$1 -> 1.149 | U59: =SUM(T59*S59) -> 103.41 | V59: =SUM(S59*D59) -> 360
B60: KSCZ4X 95-150 | C60: ks | D60: 4 | E60: =SUM(P60) -> 362.96305 | F60: =D60*E60 -> 1451.8522 | G60: =SUM(U60) -> 103.41 | H60: =D60*G60 -> 413.64 | I60: =E60+G60 -> 466.37305 | J60: =F60+H60 -> 1865.4922 | L60: =SUM(J60) -> 1865.4922 | N60: 315.89474 | O60: =$O$1 -> 1.149 | P60: =SUM(O60*N60) -> 362.96305 | Q60: =SUM(N60*D60) -> 1263.5789 | S60: 90 | T60: =$T$1 -> 1.149 | U60: =SUM(T60*S60) -> 103.41 | V60: =SUM(S60*D60) -> 360
B61: KKT 23/8, kabelová čepička | C61: ks | D61: 1 | E61: =SUM(P61) -> 26.729368 | F61: =D61*E61 -> 26.729368 | G61: =SUM(U61) -> 80.43 | H61: =D61*G61 -> 80.43 | I61: =E61+G61 -> 107.15937 | J61: =F61+H61 -> 107.15937 | L61: =SUM(J61) -> 107.15937 | N61: 23.263158 | O61: =$O$1 -> 1.149 | P61: =SUM(O61*N61) -> 26.729368 | Q61: =SUM(N61*D61) -> 23.263158 | S61: 70 | T61: =$T$1 -> 1.149 | U61: =SUM(T61*S61) -> 80.43 | V61: =SUM(S61*D61) -> 70
B62: UKONČENÍ KABELŮ SMRŠŤOVACÍ | Q62: =SUM(N62*D62) -> 0 | V62: =SUM(S62*D62) -> 0
B63: ZÁKLOPKOU DO | Q63: =SUM(N63*D63) -> 0 | V63: =SUM(S63*D63) -> 0
B64: 5x6 mm2 | C64: ks | D64: 6 | E64: =SUM(P64) -> 49.11975 | F64: =D64*E64 -> 294.7185 | G64: =SUM(U64) -> 137.88 | H64: =D64*G64 -> 827.28 | I64: =E64+G64 -> 186.99975 | J64: =F64+H64 -> 1121.9985 | L64: =SUM(J64) -> 1121.9985 | N64: 42.75 | O64: =$O$1 -> 1.149 | P64: =SUM(O64*N64) -> 49.11975 | Q64: =SUM(N64*D64) -> 256.5 | S64: 120 | T64: =$T$1 -> 1.149 | U64: =SUM(T64*S64) -> 137.88 | V64: =SUM(S64*D64) -> 720
B65: 4x10 mm2 | C65: ks | D65: 10 | E65: =SUM(P65) -> 49.11975 | F65: =D65*E65 -> 491.1975 | G65: =SUM(U65) -> 172.35 | H65: =D65*G65 -> 1723.5 | I65: =E65+G65 -> 221.46975 | J65: =F65+H65 -> 2214.6975 | L65: =SUM(J65) -> 2214.6975 | N65: 42.75 | O65: =$O$1 -> 1.149 | P65: =SUM(O65*N65) -> 49.11975 | Q65: =SUM(N65*D65) -> 427.5 | S65: 150 | T65: =$T$1 -> 1.149 | U65: =SUM(T65*S65) -> 172.35 | V65: =SUM(S65*D65) -> 1500
B66: 4x16 mm3 | C66: ks | D66: 2 | E66: =SUM(P66) -> 49.11975 | F66: =D66*E66 -> 98.2395 | G66: =SUM(U66) -> 172.35 | H66: =D66*G66 -> 344.7 | I66: =E66+G66 -> 221.46975 | J66: =F66+H66 -> 442.9395 | L66: =SUM(J66) -> 442.9395 | N66: 42.75 | O66: =$O$1 -> 1.149 | P66: =SUM(O66*N66) -> 49.11975 | Q66: =SUM(N66*D66) -> 85.5 | S66: 150 | T66: =$T$1 -> 1.149 | U66: =SUM(T66*S66) -> 172.35 | V66: =SUM(S66*D66) -> 300
B67: 4x25 mm2 | C67: ks | D67: 2 | E67: =SUM(P67) -> 58.168125 | F67: =D67*E67 -> 116.33625 | G67: =SUM(U67) -> 229.8 | H67: =D67*G67 -> 459.6 | I67: =E67+G67 -> 287.96812 | J67: =F67+H67 -> 575.93625 | L67: =SUM(J67) -> 575.93625 | N67: 50.625 | O67: =$O$1 -> 1.149 | P67: =SUM(O67*N67) -> 58.168125 | Q67: =SUM(N67*D67) -> 101.25 | S67: 200 | T67: =$T$1 -> 1.149 | U67: =SUM(T67*S67) -> 229.8 | V67: =SUM(S67*D67) -> 400
B68: 4x120 mm2 | C68: ks | D68: 2 | E68: =SUM(P68) -> 87.8985 | F68: =D68*E68 -> 175.797 | G68: =SUM(U68) -> 229.8 | H68: =D68*G68 -> 459.6 | I68: =E68+G68 -> 317.6985 | J68: =F68+H68 -> 635.397 | L68: =SUM(J68) -> 635.397 | N68: 76.5 | O68: =$O$1 -> 1.149 | P68: =SUM(O68*N68) -> 87.8985 | Q68: =SUM(N68*D68) -> 153 | S68: 200 | T68: =$T$1 -> 1.149 | U68: =SUM(T68*S68) -> 229.8 | V68: =SUM(S68*D68) -> 400
B69: UKONČENÍ VODIČŮ V ROZVADĚČÍCH | L69: =SUM(J69) -> 0 | Q69: =SUM(N69*D69) -> 0 | V69: =SUM(S69*D69) -> 0
B70: Do 2,5 mm2 | C70: ks | D70: 80 | E70: =SUM(P70) -> 0 | F70: =D70*E70 -> 0 | G70: =SUM(U70) -> 17.235 | H70: =D70*G70 -> 1378.8 | I70: =E70+G70 -> 17.235 | J70: =F70+H70 -> 1378.8 | L70: =SUM(J70) -> 1378.8 | O70: =$O$1 -> 1.149 | P70: =SUM(O70*N70) -> 0 | Q70: =SUM(N70*D70) -> 0 | S70: 15 | T70: =$T$1 -> 1.149 | U70: =SUM(T70*S70) -> 17.235 | V70: =SUM(S70*D70) -> 1200
B71: Do 4 mm2 | C71: ks | D71: 6 | E71: =SUM(P71) -> 0 | F71: =D71*E71 -> 0 | G71: =SUM(U71) -> 17.235 | H71: =D71*G71 -> 103.41 | I71: =E71+G71 -> 17.235 | J71: =F71+H71 -> 103.41 | L71: =SUM(J71) -> 103.41 | O71: =$O$1 -> 1.149 | P71: =SUM(O71*N71) -> 0 | Q71: =SUM(N71*D71) -> 0 | S71: 15 | T71: =$T$1 -> 1.149 | U71: =SUM(T71*S71) -> 17.235 | V71: =SUM(S71*D71) -> 90
B72: Do 10 mm2 | C72: ks | D72: 60 | E72: =SUM(P72) -> 0 | F72: =D72*E72 -> 0 | G72: =SUM(U72) -> 22.98 | H72: =D72*G72 -> 1378.8 | I72: =E72+G72 -> 22.98 | J72: =F72+H72 -> 1378.8 | L72: =SUM(J72) -> 1378.8 | O72: =$O$1 -> 1.149 | P72: =SUM(O72*N72) -> 0 | Q72: =SUM(N72*D72) -> 0 | S72: 20 | T72: =$T$1 -> 1.149 | U72: =SUM(T72*S72) -> 22.98 | V72: =SUM(S72*D72) -> 1200
B73: Do 16 mm2 | C73: ks | D73: 10 | E73: =SUM(P73) -> 0 | F73: =D73*E73 -> 0 | G73: =SUM(U73) -> 28.725 | H73: =D73*G73 -> 287.25 | I73: =E73+G73 -> 28.725 | J73: =F73+H73 -> 287.25 | L73: =SUM(J73) -> 287.25 | O73: =$O$1 -> 1.149 | P73: =SUM(O73*N73) -> 0 | Q73: =SUM(N73*D73) -> 0 | S73: 25 | T73: =$T$1 -> 1.149 | U73: =SUM(T73*S73) -> 28.725 | V73: =SUM(S73*D73) -> 250
B74: Do 25 mm2 | C74: ks | D74: 8 | E74: =SUM(P74) -> 0 | F74: =D74*E74 -> 0 | G74: =SUM(U74) -> 32.172 | H74: =D74*G74 -> 257.376 | I74: =E74+G74 -> 32.172 | J74: =F74+H74 -> 257.376 | L74: =SUM(J74) -> 257.376 | O74: =$O$1 -> 1.149 | P74: =SUM(O74*N74) -> 0 | Q74: =SUM(N74*D74) -> 0 | S74: 28 | T74: =$T$1 -> 1.149 | U74: =SUM(T74*S74) -> 32.172 | V74: =SUM(S74*D74) -> 224
B75: Do 70 mm2 | C75: ks | D75: 2 | E75: =SUM(P75) -> 0 | F75: =D75*E75 -> 0 | G75: =SUM(U75) -> 36.768 | H75: =D75*G75 -> 73.536 | I75: =E75+G75 -> 36.768 | J75: =F75+H75 -> 73.536 | L75: =SUM(J75) -> 73.536 | O75: =$O$1 -> 1.149 | P75: =SUM(O75*N75) -> 0 | Q75: =SUM(N75*D75) -> 0 | S75: 32 | T75: =$T$1 -> 1.149 | U75: =SUM(T75*S75) -> 36.768 | V75: =SUM(S75*D75) -> 64
B76: Do 120 mm2 | C76: ks | D76: 6 | E76: =SUM(P76) -> 0 | F76: =D76*E76 -> 0 | G76: =SUM(U76) -> 57.45 | H76: =D76*G76 -> 344.7 | I76: =E76+G76 -> 57.45 | J76: =F76+H76 -> 344.7 | L76: =SUM(J76) -> 344.7 | O76: =$O$1 -> 1.149 | P76: =SUM(O76*N76) -> 0 | Q76: =SUM(N76*D76) -> 0 | S76: 50 | T76: =$T$1 -> 1.149 | U76: =SUM(T76*S76) -> 57.45 | V76: =SUM(S76*D76) -> 300
B77: Ukončení vodičů - celkem | F77: =SUM(F57:F76) -> 6543.2073 | H77: =SUM(H57:H76) -> 10097.412 | J77: =SUM(J57:J76) -> 16640.619 | Q77: =SUM(N77*D77) -> 0 | V77: =SUM(S77*D77) -> 0
Q78: =SUM(N78*D78) -> 0 | V78: =SUM(S78*D78) -> 0
B79: Uzemnění | Q79: =SUM(N79*D79) -> 0 | V79: =SUM(S79*D79) -> 0
B80: OCELOVÝ PÁSEK POZINKOVANÝ | Q80: =SUM(N80*D80) -> 0 | V80: =SUM(S80*D80) -> 0
B81: Páska 30x4 páska 30x4 (0,95 kg/m) | C81: m | D81: 550 | E81: =SUM(P81) -> 36.489821 | F81: =D81*E81 -> 20069.402 | G81: =SUM(U81) -> 74.685 | H81: =D81*G81 -> 41076.75 | I81: =E81+G81 -> 111.17482 | J81: =F81+H81 -> 61146.152 | N81: 31.757895 | O81: =$O$1 -> 1.149 | P81: =SUM(O81*N81) -> 36.489821 | Q81: =SUM(N81*D81) -> 17466.842 | S81: 65 | T81: =$T$1 -> 1.149 | U81: =SUM(T81*S81) -> 74.685 | V81: =SUM(S81*D81) -> 35750
B82: Nátěr zemnícího pásku | C82: m | D82: 10 | E82: =SUM(P82) -> 0 | F82: =D82*E82 -> 0 | G82: =SUM(U82) -> 40.215 | H82: =D82*G82 -> 402.15 | I82: =E82+G82 -> 40.215 | J82: =F82+H82 -> 402.15 | O82: =$O$1 -> 1.149 | P82: =SUM(O82*N82) -> 0 | Q82: =SUM(N82*D82) -> 0 | S82: 35 | T82: =$T$1 -> 1.149 | U82: =SUM(T82*S82) -> 40.215 | V82: =SUM(S82*D82) -> 350
B83: ZINKOVANÉ PROVEDENÍ | Q83: =SUM(N83*D83) -> 0 | V83: =SUM(S83*D83) -> 0
B84: OCELOVÝ DRÁT POZINKOVANÝ | Q84: =SUM(N84*D84) -> 0 | V84: =SUM(S84*D84) -> 0
B85: Drát 10 drát o 10mm(0,62kg/m) | C85: m | D85: 50 | E85: =SUM(P85) -> 36.768 | F85: =D85*E85 -> 1838.4 | G85: =SUM(U85) -> 74.685 | H85: =D85*G85 -> 3734.25 | I85: =E85+G85 -> 111.453 | J85: =F85+H85 -> 5572.65 | N85: 32 | O85: =$O$1 -> 1.149 | P85: =SUM(O85*N85) -> 36.768 | Q85: =SUM(N85*D85) -> 1600 | S85: 65 | T85: =$T$1 -> 1.149 | U85: =SUM(T85*S85) -> 74.685 | V85: =SUM(S85*D85) -> 3250
B86: OCELOVÝ DRÁT POZINKOVANÝ | Q86: =SUM(N86*D86) -> 0 | V86: =SUM(S86*D86) -> 0
B87: Nátěr svodového vodiče, asfalt | C87: m | D87: 20 | E87: =SUM(P87) -> 34.47 | F87: =D87*E87 -> 689.4 | G87: =SUM(U87) -> 40.215 | H87: =D87*G87 -> 804.3 | I87: =E87+G87 -> 74.685 | J87: =F87+H87 -> 1493.7 | N87: 30 | O87: =$O$1 -> 1.149 | P87: =SUM(O87*N87) -> 34.47 | Q87: =SUM(N87*D87) -> 600 | S87: 35 | T87: =$T$1 -> 1.149 | U87: =SUM(T87*S87) -> 40.215 | V87: =SUM(S87*D87) -> 700
B88: SVORKA HROMOSVODNÍ,UZEMŇOVACÍ | Q88: =SUM(N88*D88) -> 0 | V88: =SUM(S88*D88) -> 0
B89: SK křížová | C89: ks | D89: 20 | E89: =SUM(P89) -> 24.745832 | F89: =D89*E89 -> 494.91663 | G89: =SUM(U89) -> 63.195 | H89: =D89*G89 -> 1263.9 | I89: =E89+G89 -> 87.940832 | J89: =F89+H89 -> 1758.8166 | N89: 21.536842 | O89: =$O$1 -> 1.149 | P89: =SUM(O89*N89) -> 24.745832 | Q89: =SUM(N89*D89) -> 430.73684 | S89: 55 | T89: =$T$1 -> 1.149 | U89: =SUM(T89*S89) -> 63.195 | V89: =SUM(S89*D89) -> 1100
B90: SS spojovací | C90: ks | D90: 10 | E90: =SUM(P90) -> 11.913316 | F90: =D90*E90 -> 119.13316 | G90: =SUM(U90) -> 63.195 | H90: =D90*G90 -> 631.95 | I90: =E90+G90 -> 75.108316 | J90: =F90+H90 -> 751.08316 | N90: 10.368421 | O90: =$O$1 -> 1.149 | P90: =SUM(O90*N90) -> 11.913316 | Q90: =SUM(N90*D90) -> 103.68421 | S90: 55 | T90: =$T$1 -> 1.149 | U90: =SUM(T90*S90) -> 63.195 | V90: =SUM(S90*D90) -> 550
B91: SP připojovací | C91: ks | D91: 7 | E91: =SUM(P91) -> 14.840242 | F91: =D91*E91 -> 103.88169 | G91: =SUM(U91) -> 63.195 | H91: =D91*G91 -> 442.365 | I91: =E91+G91 -> 78.035242 | J91: =F91+H91 -> 546.24669 | N91: 12.915789 | O91: =$O$1 -> 1.149 | P91: =SUM(O91*N91) -> 14.840242 | Q91: =SUM(N91*D91) -> 90.410526 | S91: 55 | T91: =$T$1 -> 1.149 | U91: =SUM(T91*S91) -> 63.195 | V91: =SUM(S91*D91) -> 385
B92: Štítek uzemnění | C92: ks | D92: 7 | E92: =SUM(P92) -> 12.639 | F92: =D92*E92 -> 88.473 | G92: =SUM(U92) -> 17.235 | H92: =D92*G92 -> 120.645 | I92: =E92+G92 -> 29.874 | J92: =F92+H92 -> 209.118 | N92: 11 | O92: =$O$1 -> 1.149 | P92: =SUM(O92*N92) -> 12.639 | Q92: =SUM(N92*D92) -> 77 | S92: 15 | T92: =$T$1 -> 1.149 | U92: =SUM(T92*S92) -> 17.235 | V92: =SUM(S92*D92) -> 105
B93: MONTÁŽNÍ PRÁCE | Q93: =SUM(N93*D93) -> 0 | V93: =SUM(S93*D93) -> 0
B94: tvarování mont.dílu | C94: ks | D94: 40 | E94: =SUM(P94) -> 0 | F94: =D94*E94 -> 0 | G94: =SUM(U94) -> 172.35 | H94: =D94*G94 -> 6894 | I94: =E94+G94 -> 172.35 | J94: =F94+H94 -> 6894 | O94: =$O$1 -> 1.149 | P94: =SUM(O94*N94) -> 0 | Q94: =SUM(N94*D94) -> 0 | S94: 150 | T94: =$T$1 -> 1.149 | U94: =SUM(T94*S94) -> 172.35 | V94: =SUM(S94*D94) -> 6000
B95: Měření zemních odporů, zemnící sítě délky pásu | Q95: =SUM(N95*D95) -> 0 | V95: =SUM(S95*D95) -> 0
B96: přes 500 do 1000m | C96: ks | D96: 1 | E96: =SUM(P96) -> 0 | F96: =D96*E96 -> 0 | G96: =SUM(U96) -> 4136.4 | H96: =D96*G96 -> 4136.4 | I96: =E96+G96 -> 4136.4 | J96: =F96+H96 -> 4136.4 | O96: =$O$1 -> 1.149 | P96: =SUM(O96*N96) -> 0 | Q96: =SUM(N96*D96) -> 0 | S96: 3600 | T96: =$T$1 -> 1.149 | U96: =SUM(T96*S96) -> 4136.4 | V96: =SUM(S96*D96) -> 3600
B97: Uzemnění - celkem | F97: =SUM(F80:F96) -> 23403.606 | H97: =SUM(H80:H96) -> 59506.71 | J97: =SUM(J80:J96) -> 82910.316 | Q97: =SUM(N97*D97) -> 0 | V97: =SUM(S97*D97) -> 0
Q98: =SUM(N98*D98) -> 0 | V98: =SUM(S98*D98) -> 0
B99: Ostatní | Q99: =SUM(N99*D99) -> 0 | V99: =SUM(S99*D99) -> 0
B100: Vytýčení trati, Venkovní vedení nn v přehledném terénu | C100: km | D100: 0.47 | E100: =SUM(P100) -> 0 | F100: =D100*E100 -> 0 | G100: =SUM(U100) -> 0 | H100: =D100*G100 -> 0 | I100: =E100+G100 -> 0 | J100: =F100+H100 -> 0 | O100: =$O$1 -> 1.149 | P100: =SUM(O100*N100) -> 0 | Q100: =SUM(N100*D100) -> 0 | T100: =$T$1 -> 1.149 | U100: =SUM(T100*S100) -> 0 | V100: =SUM(S100*D100) -> 0
B101: Geodetická činnost | C101: tkc | D101: 15 | E101: =SUM(P101) -> 0 | F101: =D101*E101 -> 0 | G101: =SUM(U101) -> 0 | H101: =D101*G101 -> 0 | I101: =E101+G101 -> 0 | J101: =F101+H101 -> 0 | O101: =$O$1 -> 1.149 | P101: =SUM(O101*N101) -> 0 | Q101: =SUM(N101*D101) -> 0 | T101: =$T$1 -> 1.149 | U101: =SUM(T101*S101) -> 0 | V101: =SUM(S101*D101) -> 0
B102: Pracovní plošina osazení a nastavení svítidel | C102: sada | D102: 1 | E102: =SUM(P102) -> 13788 | F102: =D102*E102 -> 13788 | G102: =SUM(U102) -> 0 | H102: =D102*G102 -> 0 | I102: =E102+G102 -> 13788 | J102: =F102+H102 -> 13788 | N102: 12000 | O102: =$O$1 -> 1.149 | P102: =SUM(O102*N102) -> 13788 | Q102: =SUM(N102*D102) -> 12000 | T102: =$T$1 -> 1.149 | U102: =SUM(T102*S102) -> 0 | V102: =SUM(S102*D102) -> 0
...

Sheet Přípojka VN + TS
B1: Název | C1: Mj | D1: Počet | E1: Materiál | F1: Materiál celkem | G1: Montáž | H1: Montáž celkem | I1: Cena | J1: Cena celkem | M1: 1.19 | R1: 1.24
B2: Dodávky | L2: Dodávka "A" | M2: Koeficient | N2: Dodávka "C" | Q2: Montáž "A" | R2: Koeficient | S2: Montáž "C"
B4: Trafostanice
B5: Trafostanice, specifikace dle výkresu č. D.1.14.15.03 | C5: ks | D5: 1 | E5: =SUM(N5) -> 0 | F5: =D5*E5 -> 0 | G5: =SUM(S5) -> 0 | H5: =D5*G5 -> 0 | I5: =E5+G5 -> 0 | J5: =F5+H5 -> 0 | M5: =$M$1 -> 1.19 | N5: =SUM(M5*L5) -> 0 | R5: =$R$1 -> 1.24 | S5: =SUM(R5*Q5) -> 0
B6: Výstražné a informační tabulky | C6: sada | D6: 1 | E6: =SUM(N6) -> 0 | F6: =D6*E6 -> 0 | G6: =SUM(S6) -> 0 | H6: =D6*G6 -> 0 | I6: =E6+G6 -> 0 | J6: =F6+H6 -> 0 | M6: =$M$1 -> 1.19 | N6: =SUM(M6*L6) -> 0 | R6: =$R$1 -> 1.24 | S6: =SUM(R6*Q6) -> 0
B7: Ochranné pracovní pomůcky | C7: sada | D7: 1 | E7: =SUM(N7) -> 0 | F7: =D7*E7 -> 0 | G7: =SUM(S7) -> 0 | H7: =D7*G7 -> 0 | I7: =E7+G7 -> 0 | J7: =F7+H7 -> 0 | M7: =$M$1 -> 1.19 | N7: =SUM(M7*L7) -> 0 | R7: =$R$1 -> 1.24 | S7: =SUM(R7*Q7) -> 0
B8: Trafostanice - celkem | F8: =SUM(F5:F7) -> 0 | H8: =SUM(H5:H7) -> 0 | J8: =SUM(J5:J7) -> 0
B10: Dodávky - celkem | F10: =SUM(F3,F5:F7,F9:F9) -> 0 | H10: =SUM(H3,H5:H7,H9:H9) -> 0 | J10: =SUM(J3,J5:J7,J9:J9) -> 0
B12: Elektromontáže
B14: D.1.14 - SO45 Přípojka VN, D.1.15 - SO 46 Trafostanice
B16: Přípojka VN
B17: KABEL SILOVÝ,IZOLACE PE,35kV
B18: 35-AXEKVCEY 1x120/16 - Přípojka VN | C18: m | D18: 420 | E18: =SUM(N18) -> 0 | F18: =D18*E18 -> 0 | G18: =SUM(S18) -> 0 | H18: =D18*G18 -> 0 | I18: =E18+G18 -> 0 | J18: =F18+H18 -> 0 | M18: =$M$1 -> 1.19 | N18: =SUM(M18*L18) -> 0 | R18: =$R$1 -> 1.24 | S18: =SUM(R18*Q18) -> 0
B19: Svazkování 1-žilových vodičů ve výkopu, do 3-úhelníku | C19: m | D19: 130 | E19: =SUM(N19) -> 0 | F19: =D19*E19 -> 0 | G19: =SUM(S19) -> 0 | H19: =D19*G19 -> 0 | I19: =E19+G19 -> 0 | J19: =F19+H19 -> 0 | M19: =$M$1 -> 1.19 | N19: =SUM(M19*L19) -> 0 | R19: =$R$1 -> 1.24 | S19: =SUM(R19*Q19) -> 0
B20: Příplatek za protahování kabelů do chrániček - VN | C20: m | D20: 15 | E20: =SUM(N20) -> 0 | F20: =D20*E20 -> 0 | G20: =SUM(S20) -> 0 | H20: =D20*G20 -> 0 | I20: =E20+G20 -> 0 | J20: =F20+H20 -> 0 | M20: =$M$1 -> 1.19 | N20: =SUM(M20*L20) -> 0 | R20: =$R$1 -> 1.24 | S20: =SUM(R20*Q20) -> 0
B21: FXKVS 200/6M BK 450N/5cm, -25až60°C, PE-HD, včetně spojky, pevná, černa, 6m | C21: m | D21: 18 | E21: =SUM(N21) -> 0 | F21: =D21*E21 -> 0 | G21: =SUM(S21) -> 0 | H21: =D21*G21 -> 0 | I21: =E21+G21 -> 0 | J21: =F21+H21 -> 0 | M21: =$M$1 -> 1.19 | N21: =SUM(M21*L21) -> 0 | R21: =$R$1 -> 1.24 | S21: =SUM(R21*Q21) -> 0
B22: T- ADAPTÉR, SADA 3ks
B23: RSES-6452 - izolovaný T-adaptér pro 35kV kabel | C23: ks | D23: 1 | E23: =SUM(N23) -> 0 | F23: =D23*E23 -> 0 | G23: =SUM(S23) -> 0 | H23: =D23*G23 -> 0 | I23: =E23+G23 -> 0 | J23: =F23+H23 -> 0 | M23: =$M$1 -> 1.19 | N23: =SUM(M23*L23) -> 0 | R23: =$R$1 -> 1.24 | S23: =SUM(R23*Q23) -> 0
B24: KONCOVKA VENKOVNÍ PRO JEDNOŽIL
B25: JEDNOPLÁŠŤ.KAB. 35kV S PLAST.
B26: IZOLACÍ,SADA3ks
B27: POLT-42D/1XO-ML-2-13 | C27: ks | D27: 1 | E27: =SUM(N27) -> 0 | F27: =D27*E27 -> 0 | G27: =SUM(S27) -> 0 | H27: =D27*G27 -> 0 | I27: =E27+G27 -> 0 | J27: =F27+H27 -> 0 | M27: =$M$1 -> 1.19 | N27: =SUM(M27*L27) -> 0 | R27: =$R$1 -> 1.24 | S27: =SUM(R27*Q27) -> 0
B28: UKONČENÍ VN KABELŮ DO
B29: 1x120 mm2 | C29: ks | D29: 6 | E29: =SUM(N29) -> 0 | F29: =D29*E29 -> 0 | G29: =SUM(S29) -> 0 | H29: =D29*G29 -> 0 | I29: =E29+G29 -> 0 | J29: =F29+H29 -> 0 | M29: =$M$1 -> 1.19 | N29: =SUM(M29*L29) -> 0 | R29: =$R$1 -> 1.24 | S29: =SUM(R29*Q29) -> 0
B30: Magnetický označník kabelu MARKER | C30: ks | D30: 10 | E30: =SUM(N30) -> 0 | F30: =D30*E30 -> 0 | G30: =SUM(S30) -> 0 | H30: =D30*G30 -> 0 | I30: =E30+G30 -> 0 | J30: =F30+H30 -> 0 | M30: =$M$1 -> 1.19 | N30: =SUM(M30*L30) -> 0 | R30: =$R$1 -> 1.24 | S30: =SUM(R30*Q30) -> 0
B31: Utěsnění prostupu do budovy, těsnící průchodky RDSS100 | C31: ks | D31: 3 | E31: =SUM(N31) -> 0 | F31: =D31*E31 -> 0 | G31: =SUM(S31) -> 0 | H31: =D31*G31 -> 0 | I31: =E31+G31 -> 0 | J31: =F31+H31 -> 0 | M31: =$M$1 -> 1.19 | N31: =SUM(M31*L31) -> 0 | R31: =$R$1 -> 1.24 | S31: =SUM(R31*Q31) -> 0
B32: HODINOVE ZUCTOVACI SAZBY
B33: Nafázování VN kabelu | C33: sada | D33: 1 | E33: =SUM(N33) -> 0 | F33: =D33*E33 -> 0 | G33: =SUM(S33) -> 0 | H33: =D33*G33 -> 0 | I33: =E33+G33 -> 0 | J33: =F33+H33 -> 0 | M33: =$M$1 -> 1.19 | N33: =SUM(M33*L33) -> 0 | R33: =$R$1 -> 1.24 | S33: =SUM(R33*Q33) -> 0
B34: Příprava ke komplexní zkoušce | C34: hod | D34: 6 | E34: =SUM(N34) -> 0 | F34: =D34*E34 -> 0 | G34: =SUM(S34) -> 0 | H34: =D34*G34 -> 0 | I34: =E34+G34 -> 0 | J34: =F34+H34 -> 0 | M34: =$M$1 -> 1.19 | N34: =SUM(M34*L34) -> 0 | R34: =$R$1 -> 1.24 | S34: =SUM(R34*Q34) -> 0
B35: Zkušebni provoz | C35: hod | D35: 6 | E35: =SUM(N35) -> 0 | F35: =D35*E35 -> 0 | G35: =SUM(S35) -> 0 | H35: =D35*G35 -> 0 | I35: =E35+G35 -> 0 | J35: =F35+H35 -> 0 | M35: =$M$1 -> 1.19 | N35: =SUM(M35*L35) -> 0 | R35: =$R$1 -> 1.24 | S35: =SUM(R35*Q35) -> 0
B36: Zabezpečení pracoviště | C36: hod | D36: 12 | E36: =SUM(N36) -> 0 | F36: =D36*E36 -> 0 | G36: =SUM(S36) -> 0 | H36: =D36*G36 -> 0 | I36: =E36+G36 -> 0 | J36: =F36+H36 -> 0 | M36: =$M$1 -> 1.19 | N36: =SUM(M36*L36) -> 0 | R36: =$R$1 -> 1.24 | S36: =SUM(R36*Q36) -> 0
B37: Vysokonapěťové zkoušky | C37: ks | D37: 6 | E37: =SUM(N37) -> 0 | F37: =D37*E37 -> 0 | G37: =SUM(S37) -> 0 | H37: =D37*G37 -> 0 | I37: =E37+G37 -> 0 | J37: =F37+H37 -> 0 | M37: =$M$1 -> 1.19 | N37: =SUM(M37*L37) -> 0 | R37: =$R$1 -> 1.24 | S37: =SUM(R37*Q37) -> 0
B38: KOORDINACE POSTUPU PRACI
B39: S ostatnimi profesemi (ČEZ) | C39: hod | D39: 10 | E39: =SUM(N39) -> 0 | F39: =D39*E39 -> 0 | G39: =SUM(S39) -> 0 | H39: =D39*G39 -> 0 | I39: =E39+G39 -> 0 | J39: =F39+H39 -> 0 | M39: =$M$1 -> 1.19 | N39: =SUM(M39*L39) -> 0 | R39: =$R$1 -> 1.24 | S39: =SUM(R39*Q39) -> 0
B40: PROVEDENI REVIZNÍCH ZKOUŠEK
B41: DLE CSN 331500
B42: Revizní technik | C42: sada | D42: 1 | E42: =SUM(N42) -> 0 | F42: =D42*E42 -> 0 | G42: =SUM(S42) -> 0 | H42: =D42*G42 -> 0 | I42: =E42+G42 -> 0 | J42: =F42+H42 -> 0 | M42: =$M$1 -> 1.19 | N42: =SUM(M42*L42) -> 0 | R42: =$R$1 -> 1.24 | S42: =SUM(R42*Q42) -> 0
B43: Přípojka VN - celkem | F43: =SUM(F17:F42) -> 0 | H43: =SUM(H17:H42) -> 0 | J43: =SUM(J17:J42) -> 0
B45: Konstrukce na sloup
B46: Nosná konstrukce na příhradový sloup pro ochranu VN kabelů, výz výkresová dokumentace | C46: klp | D46: 1 | E46: =SUM(N46) -> 0 | F46: =D46*E46 -> 0 | G46: =SUM(S46) -> 0 | H46: =D46*G46 -> 0 | I46: =E46+G46 -> 0 | J46: =F46+H46 -> 0 | M46: =$M$1 -> 1.19 | N46: =SUM(M46*L46) -> 0 | R46: =$R$1 -> 1.24 | S46: =SUM(R46*Q46) -> 0
B47: Montážní plošina, osazení nosné konstrukce | C47: sada | D47: 1 | E47: =SUM(N47) -> 0 | F47: =D47*E47 -> 0 | G47: =SUM(S47) -> 0 | H47: =D47*G47 -> 0 | I47: =E47+G47 -> 0 | J47: =F47+H47 -> 0 | M47: =$M$1 -> 1.19 | N47: =SUM(M47*L47) -> 0 | R47: =$R$1 -> 1.24 | S47: =SUM(R47*Q47) -> 0
B48: Konstrukce na sloup - celkem | F48: =SUM(F46:F47) -> 0 | H48: =SUM(H46:H47) -> 0 | J48: =SUM(J46:J47) -> 0
B50: Ostatní
B51: HODINOVE ZUCTOVACI SAZBY
B52: Kabelové vedení VN v přehledném terénu | C52: km | D52: 0.19 | E52: =SUM(N52) -> 0 | F52: =D52*E52 -> 0 | G52: =SUM(S52) -> 0 | H52: =D52*G52 -> 0 | I52: =E52+G52 -> 0 | J52: =F52+H52 -> 0 | M52: =$M$1 -> 1.19 | N52: =SUM(M52*L52) -> 0 | R52: =$R$1 -> 1.24 | S52: =SUM(R52*Q52) -> 0
B53: Geodetická činnost | C53: tkc | D53: 15 | F53: =D53*E53 -> 0 | H53: =D53*G53 -> 0 | I53: =E53+G53 -> 0 | J53: =F53+H53 -> 0
B54: Nafázování VN kabelu 3x jednožílový kabel | C54: ks | D54: 2 | E54: =SUM(N54) -> 0 | F54: =D54*E54 -> 0 | G54: =SUM(S54) -> 0 | H54: =D54*G54 -> 0 | I54: =E54+G54 -> 0 | J54: =F54+H54 -> 0 | M54: =$M$1 -> 1.19 | N54: =SUM(M54*L54) -> 0 | R54: =$R$1 -> 1.24 | S54: =SUM(R54*Q54) -> 0
B55: Příprava ke komplexní zkoušce | C55: hod | D55: 6 | E55: =SUM(N55) -> 0 | F55: =D55*E55 -> 0 | G55: =SUM(S55) -> 0 | H55: =D55*G55 -> 0 | I55: =E55+G55 -> 0 | J55: =F55+H55 -> 0 | M55: =$M$1 -> 1.19 | N55: =SUM(M55*L55) -> 0 | R55: =$R$1 -> 1.24 | S55: =SUM(R55*Q55) -> 0
B56: Zkušební provoz | C56: hod | D56: 6 | E56: =SUM(N56) -> 0 | F56: =D56*E56 -> 0 | G56: =SUM(S56) -> 0 | H56: =D56*G56 -> 0 | I56: =E56+G56 -> 0 | J56: =F56+H56 -> 0 | M56: =$M$1 -> 1.19 | N56: =SUM(M56*L56) -> 0 | R56: =$R$1 -> 1.24 | S56: =SUM(R56*Q56) -> 0
B57: Zabezpečení pracoviště | C57: hod | D57: 12 | E57: =SUM(N57) -> 0 | F57: =D57*E57 -> 0 | G57: =SUM(S57) -> 0 | H57: =D57*G57 -> 0 | I57: =E57+G57 -> 0 | J57: =F57+H57 -> 0 | M57: =$M$1 -> 1.19 | N57: =SUM(M57*L57) -> 0 | R57: =$R$1 -> 1.24 | S57: =SUM(R57*Q57) -> 0
B58: Vyhledání připojovacího místa | C58: hod | D58: 5 | E58: =SUM(N58) -> 0 | F58: =D58*E58 -> 0 | G58: =SUM(S58) -> 0 | H58: =D58*G58 -> 0 | I58: =E58+G58 -> 0 | J58: =F58+H58 -> 0 | M58: =$M$1 -> 1.19 | N58: =SUM(M58*L58) -> 0 | R58: =$R$1 -> 1.24 | S58: =SUM(R58*Q58) -> 0
B59: Jeřáb, dle místa složení | C59: sada | D59: 1 | E59: =SUM(N59) -> 0 | F59: =D59*E59 -> 0 | G59: =SUM(S59) -> 0 | H59: =D59*G59 -> 0 | I59: =E59+G59 -> 0 | J59: =F59+H59 -> 0 | M59: =$M$1 -> 1.19 | N59: =SUM(M59*L59) -> 0 | R59: =$R$1 -> 1.24 | S59: =SUM(R59*Q59) -> 0
B60: Montáž trafostanice | C60: sada | D60: 1 | E60: =SUM(N60) -> 0 | F60: =D60*E60 -> 0 | G60: =SUM(S60) -> 0 | H60: =D60*G60 -> 0 | I60: =E60+G60 -> 0 | J60: =F60+H60 -> 0 | M60: =$M$1 -> 1.19 | N60: =SUM(M60*L60) -> 0 | R60: =$R$1 -> 1.24 | S60: =SUM(R60*Q60) -> 0
B61: Digitální zaměření kabelových tras spínací stanice a trafostanice | C61: sada | D61: 1 | E61: =SUM(N61) -> 0 | F61: =D61*E61 -> 0 | G61: =SUM(S61) -> 0 | H61: =D61*G61 -> 0 | I61: =E61+G61 -> 0 | J61: =F61+H61 -> 0 | M61: =$M$1 -> 1.19 | N61: =SUM(M61*L61) -> 0 | R61: =$R$1 -> 1.24 | S61: =SUM(R61*Q61) -> 0
B62: KOORDINACE POSTUPU PRACI
B63: S ostatnimi profesemi (ČEZ) | C63: hod | D63: 10 | E63: =SUM(N63) -> 0 | F63: =D63*E63 -> 0 | G63: =SUM(S63) -> 0 | H63: =D63*G63 -> 0 | I63: =E63+G63 -> 0 | J63: =F63+H63 -> 0 | M63: =$M$1 -> 1.19 | N63: =SUM(M63*L63) -> 0 | R63: =$R$1 -> 1.24 | S63: =SUM(R63*Q63) -> 0
B64: PROVEDENI REVIZNICH ZKOUSEK
B65: DLE CSN 331500
B66: Revizni technik | C66: hod | D66: 30 | E66: =SUM(N66) -> 0 | F66: =D66*E66 -> 0 | G66: =SUM(S66) -> 0 | H66: =D66*G66 -> 0 | I66: =E66+G66 -> 0 | J66: =F66+H66 -> 0 | M66: =$M$1 -> 1.19 | N66: =SUM(M66*L66) -> 0 | R66: =$R$1 -> 1.24 | S66: =SUM(R66*Q66) -> 0
B67: Spoluprace s reviz.technikem | C67: hod | D67: 1 | E67: =SUM(N67) -> 0 | F67: =D67*E67 -> 0 | G67: =SUM(S67) -> 0 | H67: =D67*G67 -> 0 | I67: =E67+G67 -> 0 | J67: =F67+H67 -> 0 | M67: =$M$1 -> 1.19 | N67: =SUM(M67*L67) -> 0 | R67: =$R$1 -> 1.24 | S67: =SUM(R67*Q67) -> 0
B68: Ostatní - celkem | F68: =SUM(F51:F67) -> 0 | H68: =SUM(H51:H67) -> 0 | J68: =SUM(J51:J67) -> 0
B70: D.1.14 - SO45 Přípojka VN, D.1.15 - SO 46 Trafostanice - celkem | F70: =SUM(F15,F17:F42,F44,F46:F47,F49,F51:F67,F69:F69) -> 0 | H70: =SUM(H15,H17:H42,H44,H46:H47,H49,H51:H67,H69:H69) -> 0 | J70: =SUM(J15,J17:J42,J44,J46:J47,J49,J51:J67,J69:J69) -> 0
B72: Podružný materiál | F72: =[4]Parametry!B33/100*F18+[4]Parametry!B33/100*F21+[4]Parametry!B33/100*F27+[4]Parametry!B33/100*F29+[4]Parametry!B33/100*F33+[4]Parametry!B33/100*F34+[4]Parametry!B33/100*F35+[4]Parametry!B33/100*F36+[4]Parametry!B33/100*F37+[4]Parametry!B33/100*F39+[4]Parametry!B33/100*F42+[4]Parametry!B33/100*F55+[4]Parametry!B33/100*F56+[4]Parametry!B33/100*F57+[4]Parametry!B33/100*F58+[4]Parametry!B33/100*F63+[4]Parametry!B33/100*F66+[4]Parametry!B33/100*F67 -> 0 | I72: =E72+G72 -> 0 | J72: =F72+H72 -> 0
B73: Elektromontáže - celkem | F73: =SUM(F13,F15,F17:F42,F44,F46:F47,F49,F51:F67,F69,F71:F72) -> 0 | H73: =SUM(H13,H15,H17:H42,H44,H46:H47,H49,H51:H67,H69,H71:H72) -> 0 | J73: =SUM(J13,J15,J17:J42,J44,J46:J47,J49,J51:J67,J69,J71:J72) -> 0
B75: Zemní práce
B77: Trafostanice
B78: Výkop jámy pro trafostanici, odvoz zeminy, uložení zeminy, štěrkové podloží, zához jámy, úprava terénu po uložení TS | C78: ks | D78: 1 | E78: =SUM(N78) -> 0 | F78: =D78*E78 -> 0 | G78: =SUM(S78) -> 0 | H78: =D78*G78 -> 0 | I78: =E78+G78 -> 0 | J78: =F78+H78 -> 0 | M78: =$M$1 -> 1.19 | N78: =SUM(M78*L78) -> 0 | R78: =$R$1 -> 1.24 | S78: =SUM(R78*Q78) -> 0
B79: Vnější uzemnění z pásku FeZn 30/4 mm, vč. ekvipotenciálníh prahů u dveří TS, propojení na vnitřní uzeměnní TS | C79: ks | D79: 1 | E79: =SUM(N79) -> 0 | F79: =D79*E79 -> 0 | G79: =SUM(S79) -> 0 | H79: =D79*G79 -> 0 | I79: =E79+G79 -> 0 | J79: =F79+H79 -> 0 | M79: =$M$1 -> 1.19 | N79: =SUM(M79*L79) -> 0 | R79: =$R$1 -> 1.24 | S79: =SUM(R79*Q79) -> 0
B80: Trafostanice - celkem | F80: =SUM(F78:F79) -> 0 | H80: =SUM(H78:H79) -> 0 | J80: =SUM(J78:J79) -> 0
B82: Přípojka VN
B83: Neřízený zemní protlak hloubky do 10 m vnějšího průměru do 160 mm v hornině tř 1 až 4, včetně startovacích jám, s osazením trubky HDPE | C83: m | D83: 20 | E83: =SUM(N83) -> 0 | F83: =D83*E83 -> 0 | G83: =SUM(S83) -> 0 | H83: =D83*G83 -> 0 | I83: =E83+G83 -> 0 | J83: =F83+H83 -> 0 | M83: =$M$1 -> 1.19 | N83: =SUM(M83*L83) -> 0 | R83: =$R$1 -> 1.24 | S83: =SUM(R83*Q83) -> 0
B84: Doprava na místo potlaku- cena bude upřesněna realizační firmou | C84: kpl | D84: 1 | E84: =SUM(N84) -> 0 | F84: =D84*E84 -> 0 | G84: =SUM(S84) -> 0 | H84: =D84*G84 -> 0 | I84: =E84+G84 -> 0 | J84: =F84+H84 -> 0 | M84: =$M$1 -> 1.19 | N84: =SUM(M84*L84) -> 0 | R84: =$R$1 -> 1.24 | S84: =SUM(R84*Q84) -> 0
B85: SEJMUTÍ ORNICE
B86: Vrstva pres 15cm,zemina tř.2 | C86: m3 | D86: 8.94 | E86: =SUM(N86) -> 0 | F86: =D86*E86 -> 0 | G86: =SUM(S86) -> 0 | H86: =D86*G86 -> 0 | I86: =E86+G86 -> 0 | J86: =F86+H86 -> 0 | M86: =$M$1 -> 1.19 | N86: =SUM(M86*L86) -> 0 | R86: =$R$1 -> 1.24 | S86: =SUM(R86*Q86) -> 0
B87: SEJMUTÍ DRNU
B88: Nářez drnu,naložení,odvoz | C88: m2 | D88: 62.87 | E88: =SUM(N88) -> 0 | F88: =D88*E88 -> 0 | G88: =SUM(S88) -> 0 | H88: =D88*G88 -> 0 | I88: =E88+G88 -> 0 | J88: =F88+H88 -> 0 | M88: =$M$1 -> 1.19 | N88: =SUM(M88*L88) -> 0 | R88: =$R$1 -> 1.24 | S88: =SUM(R88*Q88) -> 0
B89: HLOUBENÍ KABELOVÉ RÝHY
B90: Zemina třídy 3, šíře 500mm,hloubka 1200mm | C90: m | D90: 120.75 | E90: =SUM(N90) -> 0 | F90: =D90*E90 -> 0 | G90: =SUM(S90) -> 0 | H90: =D90*G90 -> 0 | I90: =E90+G90 -> 0 | J90: =F90+H90 -> 0 | M90: =$M$1 -> 1.19 | N90: =SUM(M90*L90) -> 0 | R90: =$R$1 -> 1.24 | S90: =SUM(R90*Q90) -> 0
B91: ZŘÍZENÍ KABELOVÉHO LOŽE
B92: Z kopaného písku vrstvy 10cm se zakrytím kabelu cihlami-šíře 45cm | C92: m | D92: 120.75 | E92: =SUM(N92) -> 0 | F92: =D92*E92 -> 0 | G92: =SUM(S92) -> 0 | H92: =D92*G92 -> 0 | I92: =E92+G92 -> 0 | J92: =F92+H92 -> 0 | M92: =$M$1 -> 1.19 | N92: =SUM(M92*L92) -> 0 | R92: =$R$1 -> 1.24 | S92: =SUM(R92*Q92) -> 0
B93: ODDĚLENÍ KABELŮ VE VÝKOPU
B94: Cihlou | C94: m | D94: 120.75 | E94: =SUM(N94) -> 0 | F94: =D94*E94 -> 0 | G94: =SUM(S94) -> 0 | H94: =D94*G94 -> 0 | I94: =E94+G94 -> 0 | J94: =F94+H94 -> 0 | M94: =$M$1 -> 1.19 | N94: =SUM(M94*L94) -> 0 | R94: =$R$1 -> 1.24 | S94: =SUM(R94*Q94) -> 0
B95: FOLIE VÝSTRAŽNÁ Z PVC
B96: Do šířky 20cm | C96: m | D96: 120.75 | E96: =SUM(N96) -> 0 | F96: =D96*E96 -> 0 | G96: =SUM(S96) -> 0 | H96: =D96*G96 -> 0 | I96: =E96+G96 -> 0 | J96: =F96+H96 -> 0 | M96: =$M$1 -> 1.19 | N96: =SUM(M96*L96) -> 0 | R96: =$R$1 -> 1.24 | S96: =SUM(R96*Q96) -> 0
B97: ZÁHOZ KABELOVÉ RÝHY
B98: Zemina třídy 3, šíře 500mm,hloubka 1200mm | C98: m | D98: 120.75 | E98: =SUM(N98) -> 0 | F98: =D98*E98 -> 0 | G98: =SUM(S98) -> 0 | H98: =D98*G98 -> 0 | I98: =E98+G98 -> 0 | J98: =F98+H98 -> 0 | M98: =$M$1 -> 1.19 | N98: =SUM(M98*L98) -> 0 | R98: =$R$1 -> 1.24 | S98: =SUM(R98*Q98) -> 0
B99: ODVOZ ZEMINY
B100: Do vzdálenosti 1 km | C100: m3 | D100: 41.73 | E100: =SUM(N100) -> 0 | F100: =D100*E100 -> 0 | G100: =SUM(S100) -> 0 | H100: =D100*G100 -> 0 | I100: =E100+G100 -> 0 | J100: =F100+H100 -> 0 | M100: =$M$1 -> 1.19 | N100: =SUM(M100*L100) -> 0 | R100: =$R$1 -> 1.24 | S100: =SUM(R100*Q100) -> 0
B101: ÚPRAVA POVRCHU
B102: Provizorní úprava terénu v zemina třídy 3 | C102: m2 | D102: 62.87 | E102: =SUM(N102) -> 0 | F102: =D102*E102 -> 0 | G102: =SUM(S102) -> 0 | H102: =D102*G102 -> 0 | I102: =E102+G102 -> 0 | J102: =F102+H102 -> 0 | M102: =$M$1 -> 1.19 | N102: =SUM(M102*L102) -> 0 | R102: =$R$1 -> 1.24 | S102: =SUM(R102*Q102) -> 0
B103: KŘIŽOVATKA SE SILOVÝM KABELEM
B104: Položení bet.žlabu vč.zakrytí | C104: ks | D104: 5 | E104: =SUM(N104) -> 0 | F104: =D104*E104 -> 0 | G104: =SUM(S104) -> 0 | H104: =D104*G104 -> 0 | I104: =E104+G104 -> 0 | J104: =F104+H104 -> 0 | M104: =$M$1 -> 1.19 | N104: =SUM(M104*L104) -> 0 | R104: =$R$1 -> 1.24 | S104: =SUM(R104*Q104) -> 0
B105: Přípojka VN - celkem | F105: =SUM(F83:F104) -> 0 | H105: =SUM(H83:H104) -> 0 | J105: =SUM(J83:J104) -> 0
B107: Zemní práce - celkem | F107: =SUM(F76,F78:F79,F81,F83:F104,F106:F106) -> 0 | H107: =SUM(H76,H78:H79,H81,H83:H104,H106:H106) -> 0 | J107: =SUM(J76,J78:J79,J81,J83:J104,J106:J106) -> 0
B109: doprava, přesun | J109: 0
B110: PPV | J110: 0
B111: vedlejší náklady | J111: 0
B114: CELKEM bez DPH | J114: =J10+J73+J107+J109+J110+J111 -> 0

Sheet SLP_R0
K1: 1.19 | O1: =SUM(K1) -> 1.19
C2: Příprava kabelových tras, montáž + dodávka | J2: Dodávka "A" | K2: Koeficient | L2: Dodávka "C" | N2: Montáž "A" | O2: Koeficient | P2: Montáž "C"
A3: No. | B3: Číslo položky | C3: Popis položky | E3: Počet | F3: Jedn. cena | G3: Celkem | H3: Upravené množství
A4: 1 | B4: 220 111761 | C4: Svorka uzemňovací (mont. vč. materiálu) | D4: 5 | E4: ks | F4: =L4+P4 -> 66.521 | G4: =D4*F4 -> 332.605 | J4: 10.9 | K4: =$K$1 -> 1.19 | L4: =K4*J4 -> 12.971 | M4: =SUM(J4*D4) -> 54.5 | N4: 45 | O4: =$O$1 -> 1.19 | P4: =O4*N4 -> 53.55 | Q4: =SUM(N4*D4) -> 225
A5: 2 | B5: 220 111765 | C5: Změření zemního odporu | D5: 5 | E5: ks | F5: =L5+P5 -> 178.5 | G5: =D5*F5 -> 892.5 | K5: =$K$1 -> 1.19 | L5: =K5*J5 -> 0 | M5: =SUM(J5*D5) -> 0 | N5: 150 | O5: =$O$1 -> 1.19 | P5: =O5*N5 -> 178.5 | Q5: =SUM(N5*D5) -> 750
A6: 3 | B6: KEV.000.8940 | C6: CY 6 ZZ | D6: 245 | E6: m | F6: =L6+P6 -> 19.635 | G6: =D6*F6 -> 4810.575 | J6: 16.5 | K6: =$K$1 -> 1.19 | L6: =K6*J6 -> 19.635 | M6: =SUM(J6*D6) -> 4042.5 | O6: =$O$1 -> 1.19 | P6: =O6*N6 -> 0 | Q6: =SUM(N6*D6) -> 0
A7: 4 | B7: 220 270329 | C7: Vodič v trubkovodu CY 6 | D7: 245 | E7: m | F7: =L7+P7 -> 21.42 | G7: =D7*F7 -> 5247.9 | J7: 18 | K7: =$K$1 -> 1.19 | L7: =K7*J7 -> 21.42 | M7: =SUM(J7*D7) -> 4410 | O7: =$O$1 -> 1.19 | P7: =O7*N7 -> 0 | Q7: =SUM(N7*D7) -> 0
A8: 5 | B8: 220 260021 | C8: Krabice KO 68 pod omítku vč. vysekání lůžka (mont. vč. materiálu) | D8: 124 | E8: ks | F8: =L8+P8 -> 5.6525 | G8: =D8*F8 -> 700.91 | J8: 4.75 | K8: =$K$1 -> 1.19 | L8: =K8*J8 -> 5.6525 | M8: =SUM(J8*D8) -> 589 | O8: =$O$1 -> 1.19 | P8: =O8*N8 -> 0 | Q8: =SUM(N8*D8) -> 0
A9: 6 | B9: 220 260024 | C9: Krabice KO 97 pod omítku vč. vysekání lůžka (mont. vč. materiálu) | D9: 62 | E9: ks | F9: =L9+P9 -> 28.5005 | G9: =D9*F9 -> 1767.031 | J9: 23.95 | K9: =$K$1 -> 1.19 | L9: =K9*J9 -> 28.5005 | M9: =SUM(J9*D9) -> 1484.9 | O9: =$O$1 -> 1.19 | P9: =O9*N9 -> 0 | Q9: =SUM(N9*D9) -> 0
A10: 7 | B10: 220 260027 | C10: Krabice KO 125 pod omítku vč. vysekání lůžka (mont. vč. materiálu) | D10: 8 | E10: ks | F10: =L10+P10 -> 101.983 | G10: =D10*F10 -> 815.864 | J10: 85.7 | K10: =$K$1 -> 1.19 | L10: =K10*J10 -> 101.983 | M10: =SUM(J10*D10) -> 685.6 | O10: =$O$1 -> 1.19 | P10: =O10*N10 -> 0 | Q10: =SUM(N10*D10) -> 0
A11: 8 | B11: 220 260028 | C11: Krabice KT 250 pod omítku vč. vysekání lůžka (mont. vč. materiálu) | D11: 8 | E11: ks | F11: =L11+P11 -> 314.398 | G11: =D11*F11 -> 2515.184 | J11: 264.2 | K11: =$K$1 -> 1.19 | L11: =K11*J11 -> 314.398 | M11: =SUM(J11*D11) -> 2113.6 | O11: =$O$1 -> 1.19 | P11: =O11*N11 -> 0 | Q11: =SUM(N11*D11) -> 0
A12: 9 | B12: 220 260103 | C12: Krabice instalační IP66 (mont. vč. materiálu) | D12: 44 | E12: ks | F12: =L12+P12 -> 104.2678 | G12: =D12*F12 -> 4587.7832 | J12: 42.62 | K12: =$K$1 -> 1.19 | L12: =K12*J12 -> 50.7178 | M12: =SUM(J12*D12) -> 1875.28 | N12: 45 | O12: =$O$1 -> 1.19 | P12: =O12*N12 -> 53.55 | Q12: =SUM(N12*D12) -> 1980
A13: 10 | B13: 220 260106 | C13: Vyhledání vývodu, krabice | D13: 202 | E13: ks | F13: =L13+P13 -> 10.71 | G13: =D13*F13 -> 2163.42 | K13: =$K$1 -> 1.19 | L13: =K13*J13 -> 0 | M13: =SUM(J13*D13) -> 0 | N13: 9 | O13: =$O$1 -> 1.19 | P13: =O13*N13 -> 10.71 | Q13: =SUM(N13*D13) -> 1818
A14: 11 | B14: 220 260111 | C14: Odvíčkování a zavíčkování krabice na závit | D14: 186 | E14: ks | F14: =L14+P14 -> 4.76 | G14: =D14*F14 -> 885.36 | K14: =$K$1 -> 1.19 | L14: =K14*J14 -> 0 | M14: =SUM(J14*D14) -> 0 | N14: 4 | O14: =$O$1 -> 1.19 | P14: =O14*N14 -> 4.76 | Q14: =SUM(N14*D14) -> 744
A15: 12 | B15: 220 260113 | C15: Odvíčkování a zavíčkování krabice na 4 šrouby | D15: 8 | E15: ks | F15: =L15+P15 -> 4.76 | G15: =D15*F15 -> 38.08 | K15: =$K$1 -> 1.19 | L15: =K15*J15 -> 0 | M15: =SUM(J15*D15) -> 0 | N15: 4 | O15: =$O$1 -> 1.19 | P15: =O15*N15 -> 4.76 | Q15: =SUM(N15*D15) -> 32
A16: 13 | B16: 220 260552 | C16: Trubka plastová ohebná pod omítkou nebo v podlaze 23 mm (mont. vč. materiálu) | D16: 186 | E16: m | F16: =L16+P16 -> 29.4168 | G16: =D16*F16 -> 5471.5248 | J16: 5.72 | K16: =$K$1 -> 1.19 | L16: =K16*J16 -> 6.8068 | M16: =SUM(J16*D16) -> 1063.92 | N16: 19 | O16: =$O$1 -> 1.19 | P16: =O16*N16 -> 22.61 | Q16: =SUM(N16*D16) -> 3534
A17: 15 | B17: 220 260554 | C17: Trubka plastová ohebná pod omítkou nebo v podlaze 36 mm (mont. vč. materiálu) | D17: 82 | E17: m | F17: =L17+P17 -> 41.7095 | G17: =D17*F17 -> 3420.179 | J17: 16.05 | K17: =$K$1 -> 1.19 | L17: =K17*J17 -> 19.0995 | M17: =SUM(J17*D17) -> 1316.1 | N17: 19 | O17: =$O$1 -> 1.19 | P17: =O17*N17 -> 22.61 | Q17: =SUM(N17*D17) -> 1558
A18: 16 | B18: 220 260542 | C18: Trubka plastová pevná na povrchu 23 mm (mont. vč. materiálu) | D18: 122 | E18: m | F18: =L18+P18 -> 40.579 | G18: =D18*F18 -> 4950.638 | J18: 15.1 | K18: =$K$1 -> 1.19 | L18: =K18*J18 -> 17.969 | M18: =SUM(J18*D18) -> 1842.2 | N18: 19 | O18: =$O$1 -> 1.19 | P18: =O18*N18 -> 22.61 | Q18: =SUM(N18*D18) -> 2318
A19: 18 | B19: 220 260544 | C19: Trubka plastová pevná na povrchu 36 mm (mont. vč. materiálu) | D19: 66 | E19: m | F19: =L19+P19 -> 55.93 | G19: =D19*F19 -> 3691.38 | J19: 28 | K19: =$K$1 -> 1.19 | L19: =K19*J19 -> 33.32 | M19: =SUM(J19*D19) -> 1848 | N19: 19 | O19: =$O$1 -> 1.19 | P19: =O19*N19 -> 22.61 | Q19: =SUM(N19*D19) -> 1254
A20: 19 | B20: KEV.050.0400 | C20: AY 2,5 B | D20: 268 | E20: m | F20: =L20+P20 -> 4.165 | G20: =D20*F20 -> 1116.22 | J20: 3.5 | K20: =$K$1 -> 1.19 | L20: =K20*J20 -> 4.165 | M20: =SUM(J20*D20) -> 938 | O20: =$O$1 -> 1.19 | P20: =O20*N20 -> 0 | Q20: =SUM(N20*D20) -> 0
A21: 20 | B21: 220 261661 | C21: Značení trasy vedení | D21: 268 | E21: m | F21: =L21+P21 -> 4.998 | G21: =D21*F21 -> 1339.464 | K21: =$K$1 -> 1.19 | L21: =K21*J21 -> 0 | M21: =SUM(J21*D21) -> 0 | N21: 4.2 | O21: =$O$1 -> 1.19 | P21: =O21*N21 -> 4.998 | Q21: =SUM(N21*D21) -> 1125.6
A22: 21 | B22: 220 270301 | C22: Vodič v trubkovodu AY 2,5 | D22: 268 | E22: m | F22: =L22+P22 -> 4.76 | G22: =D22*F22 -> 1275.68 | K22: =$K$1 -> 1.19 | L22: =K22*J22 -> 0 | M22: =SUM(J22*D22) -> 0 | N22: 4 | O22: =$O$1 -> 1.19 | P22: =O22*N22 -> 4.76 | Q22: =SUM(N22*D22) -> 1072
A23: 22 | B23: 220260722 | C23: Žlab MARS 62/50 mm (mont. vč. základního i instalačního materiálu) | D23: 42 | E23: m | F23: =L23+P23 -> 380.8 | G23: =D23*F23 -> 15993.6 | J23: 180 | K23: =$K$1 -> 1.19 | L23: =K23*J23 -> 214.2 | M23: =SUM(J23*D23) -> 7560 | N23: 140 | O23: =$O$1 -> 1.19 | P23: =O23*N23 -> 166.6 | Q23: =SUM(N23*D23) -> 5880
A24: 23 | B24: 220 260722 | C24: Žlab MARS 125/ 50 mm (mont. vč. základního i instalačního materiálu) | D24: 0 | E24: m | F24: =L24+P24 -> 452.2 | G24: =D24*F24 -> 0 | J24: 220 | K24: =$K$1 -> 1.19 | L24: =K24*J24 -> 261.8 | M24: =SUM(J24*D24) -> 0 | N24: 160 | O24: =$O$1 -> 1.19 | P24: =O24*N24 -> 190.4 | Q24: =SUM(N24*D24) -> 0
A25: 24 | B25: 220 260725 | C25: Žlab MARS 250/50 mm (mont. vč. základního i instalačního materiálu) | D25: 108 | E25: m | F25: =L25+P25 -> 617.61 | G25: =D25*F25 -> 66701.88 | J25: 319 | K25: =$K$1 -> 1.19 | L25: =K25*J25 -> 379.61 | M25: =SUM(J25*D25) -> 34452 | N25: 200 | O25: =$O$1 -> 1.19 | P25: =O25*N25 -> 238 | Q25: =SUM(N25*D25) -> 21600
A26: 25 | B26: 220 260924 | C26: Kabelový rošt šíře 40cm (mont. vč. základního i instalačního materiálu) | D26: 4 | E26: m | F26: =L26+P26 -> 916.3 | G26: =D26*F26 -> 3665.2 | J26: 630 | K26: =$K$1 -> 1.19 | L26: =K26*J26 -> 749.7 | M26: =SUM(J26*D26) -> 2520 | N26: 140 | O26: =$O$1 -> 1.19 | P26: =O26*N26 -> 166.6 | Q26: =SUM(N26*D26) -> 560
A27: 26 | B27: 220 261101 | C27: Konstrukce ocelová do 5 kg na m (mont. vč. materiálu) | D27: 96 | E27: ks | F27: =L27+P27 -> 53.55 | G27: =D27*F27 -> 5140.8 | I27: =G27*0.5 -> 2570.4 | J27: 45 | K27: =$K$1 -> 1.19 | L27: =K27*J27 -> 53.55 | M27: =SUM(J27*D27) -> 4320 | O27: =$O$1 -> 1.19 | P27: =O27*N27 -> 0 | Q27: =SUM(N27*D27) -> 0
A28: 27 | B28: 220 261102 | C28: Konstrukce ocelová do 10 kg na m (mont. vč. materiálu) | D28: 216 | E28: ks | F28: =L28+P28 -> 77.35 | G28: =D28*F28 -> 16707.6 | I28: =G28*0.5 -> 8353.8 | J28: 65 | K28: =$K$1 -> 1.19 | L28: =K28*J28 -> 77.35 | M28: =SUM(J28*D28) -> 14040 | O28: =$O$1 -> 1.19 | P28: =O28*N28 -> 0 | Q28: =SUM(N28*D28) -> 0
A29: 28 | B29: 220 261653 | C29: Uchycení ocelové konstrukce beton | D29: 308 | E29: ks | F29: =L29+P29 -> 77.35 | G29: =D29*F29 -> 23823.8 | I29: =G29*0.5 -> 11911.9 | K29: =$K$1 -> 1.19 | L29: =K29*J29 -> 0 | M29: =SUM(J29*D29) -> 0 | N29: 65 | O29: =$O$1 -> 1.19 | P29: =O29*N29 -> 77.35 | Q29: =SUM(N29*D29) -> 20020
A30: 29 | B30: 220 261641 | C30: Osazení hmoždinky 6 mm beton (mont. vč. materiálu) | D30: 78 | E30: ks | F30: =L30+P30 -> 7.14 | G30: =D30*F30 -> 556.92 | I30: =G30*0.5 -> 278.46 | K30: =$K$1 -> 1.19 | L30: =K30*J30 -> 0 | M30: =SUM(J30*D30) -> 0 | N30: 6 | O30: =$O$1 -> 1.19 | P30: =O30*N30 -> 7.14 | Q30: =SUM(N30*D30) -> 468
A31: 30 | B31: 220 261642 | C31: Osazení hmoždinky 8 mm beton (mont. vč. materiálu) | D31: 1020 | E31: ks | F31: =L31+P31 -> 7.14 | G31: =D31*F31 -> 7282.8 | I31: =G31*0.5 -> 3641.4 | K31: =$K$1 -> 1.19 | L31: =K31*J31 -> 0 | M31: =SUM(J31*D31) -> 0 | N31: 6 | O31: =$O$1 -> 1.19 | P31: =O31*N31 -> 7.14 | Q31: =SUM(N31*D31) -> 6120
A32: 31 | B32: 220 261643 | C32: Osazení hmoždinky 10 mm beton (mont. vč. materiálu) | D32: 84 | E32: ks | F32: =L32+P32 -> 8.33 | G32: =D32*F32 -> 699.72 | I32: =G32*0.5 -> 349.86 | K32: =$K$1 -> 1.19 | L32: =K32*J32 -> 0 | M32: =SUM(J32*D32) -> 0 | N32: 7 | O32: =$O$1 -> 1.19 | P32: =O32*N32 -> 8.33 | Q32: =SUM(N32*D32) -> 588
A33: 32 | B33: 220 261644 | C33: Osazení hmoždinky 12 mm beton (mont. vč. materiálu) | D33: 224 | E33: ks | F33: =L33+P33 -> 8.33 | G33: =D33*F33 -> 1865.92 | I33: =G33*0.5 -> 932.96 | K33: =$K$1 -> 1.19 | L33: =K33*J33 -> 0 | M33: =SUM(J33*D33) -> 0 | N33: 7 | O33: =$O$1 -> 1.19 | P33: =O33*N33 -> 8.33 | Q33: =SUM(N33*D33) -> 1568
A34: 33 | B34: 220 730032 | C34: Vyzvednutí stožáru na plochou střechu | D34: 1 | E34: ks | F34: =L34+P34 -> 178.5 | G34: =D34*F34 -> 178.5 | K34: =$K$1 -> 1.19 | L34: =K34*J34 -> 0 | M34: =SUM(J34*D34) -> 0 | N34: 150 | O34: =$O$1 -> 1.19 | P34: =O34*N34 -> 178.5 | Q34: =SUM(N34*D34) -> 150
A35: 34 | B35: 220 730033 | C35: Vyzvednutí soupravy beton. bloků AT | D35: 1 | E35: ks | F35: =L35+P35 -> 357 | G35: =D35*F35 -> 357 | K35: =$K$1 -> 1.19 | L35: =K35*J35 -> 0 | M35: =SUM(J35*D35) -> 0 | N35: 300 | O35: =$O$1 -> 1.19 | P35: =O35*N35 -> 357 | Q35: =SUM(N35*D35) -> 300
A36: 35 | B36: 220 730051 | C36: Stožár AT 1 do kotevní konstrukce (mont. vč. materiálu) | D36: 1 | E36: ks | F36: =L36+P36 -> 178.5 | G36: =D36*F36 -> 178.5 | K36: =$K$1 -> 1.19 | L36: =K36*J36 -> 0 | M36: =SUM(J36*D36) -> 0 | N36: 150 | O36: =$O$1 -> 1.19 | P36: =O36*N36 -> 178.5 | Q36: =SUM(N36*D36) -> 150
A37: 36 | B37: 220 730075 | C37: Kotvení AT 3 do zdi-beton rovná střecha (mont. vč. materiálu) | D37: 1 | E37: ks | F37: =L37+P37 -> 178.5 | G37: =D37*F37 -> 178.5 | K37: =$K$1 -> 1.19 | L37: =K37*J37 -> 0 | M37: =SUM(J37*D37) -> 0 | N37: 150 | O37: =$O$1 -> 1.19 | P37: =O37*N37 -> 178.5 | Q37: =SUM(N37*D37) -> 150
A38: 37 | B38: 210 020922 | C38: Protipož.ucpávka průch.stěnou t= do 30 cm (mont. vč. materiálu) | D38: 0.2 | E38: m2 | F38: =L38+P38 -> 0 | G38: =D38*F38 -> 0 | K38: =$K$1 -> 1.19 | L38: =K38*J38 -> 0 | M38: =SUM(J38*D38) -> 0 | O38: =$O$1 -> 1.19 | P38: =O38*N38 -> 0 | Q38: =SUM(N38*D38) -> 0
A39: 38 | C39: Koordinace zařízení v zárubních či dveřích | D39: 2 | E39: hod | F39: =L39+P39 -> 357 | G39: =D39*F39 -> 714 | K39: =$K$1 -> 1.19 | L39: =K39*J39 -> 0 | M39: =SUM(J39*D39) -> 0 | N39: 300 | O39: =$O$1 -> 1.19 | P39: =O39*N39 -> 357 | Q39: =SUM(N39*D39) -> 600
A40: 39 | C40: Značení kabeláží, tras a rozvaděčů | D40: 1 | E40: kpl | F40: =L40+P40 -> 1785 | G40: =D40*F40 -> 1785 | K40: =$K$1 -> 1.19 | L40: =K40*J40 -> 0 | M40: =SUM(J40*D40) -> 0 | N40: 1500 | O40: =$O$1 -> 1.19 | P40: =O40*N40 -> 1785 | Q40: =SUM(N40*D40) -> 1500
A41: 40 | C41: Pomocné montážní práce | D41: 10 | E41: hod | F41: =L41+P41 -> 535.5 | G41: =D41*F41 -> 5355 | K41: =$K$1 -> 1.19 | L41: =K41*J41 -> 0 | M41: =SUM(J41*D41) -> 0 | N41: 450 | O41: =$O$1 -> 1.19 | P41: =O41*N41 -> 535.5 | Q41: =SUM(N41*D41) -> 4500
A42: 41 | C42: Nezměřitelné pracovní výkony | D42: 10 | E42: hod | F42: =L42+P42 -> 535.5 | G42: =D42*F42 -> 5355 | K42: =$K$1 -> 1.19 | L42: =K42*J42 -> 0 | M42: =SUM(J42*D42) -> 0 | N42: 450 | O42: =$O$1 -> 1.19 | P42: =O42*N42 -> 535.5 | Q42: =SUM(N42*D42) -> 4500
A43: 42 | C43: Drobný elektroinstalační materiál (montáž vč. mat.) | D43: 1 | E43: kpl | F43: =L43+P43 -> 4760 | G43: =D43*F43 -> 4760 | K43: =$K$1 -> 1.19 | L43: =K43*J43 -> 0 | M43: =SUM(J43*D43) -> 0 | N43: 4000 | O43: =$O$1 -> 1.19 | P43: =O43*N43 -> 4760 | Q43: =SUM(N43*D43) -> 4000
A44: 43 | C44: Koordinace podlahových krabic (podl.krabice dodávkou NN) | D44: 4 | E44: hod | F44: =L44+P44 -> 535.5 | G44: =D44*F44 -> 2142 | K44: =$K$1 -> 1.19 | L44: =K44*J44 -> 0 | M44: =SUM(J44*D44) -> 0 | N44: 450 | O44: =$O$1 -> 1.19 | P44: =O44*N44 -> 535.5 | Q44: =SUM(N44*D44) -> 1800
A45: 44 | C45: Povrchová úprava prvku do daného odstínu - podrobnisti viz.tech.zpráva | D45: 13 | E45: kpl | F45: =L45+P45 -> 535.5 | G45: =D45*F45 -> 6961.5 | K45: =$K$1 -> 1.19 | L45: =K45*J45 -> 0 | M45: =SUM(J45*D45) -> 0 | N45: 450 | O45: =$O$1 -> 1.19 | P45: =O45*N45 -> 535.5 | Q45: =SUM(N45*D45) -> 5850
C46: Celkem | G46: =SUM(G4:G45) -> 216425.54 | M46: =SUM(J46*D46) -> 0 | Q46: =SUM(N46*D46) -> 0
M47: =SUM(J47*D47) -> 0 | Q47: =SUM(N47*D47) -> 0
C48: Zemní práce při montážích, montáž + dodávka | M48: =SUM(J48*D48) -> 0 | Q48: =SUM(N48*D48) -> 0
A49: No. | B49: Číslo položky | C49: Popis položky | E49: Počet | F49: Jedn. cena | G49: Celkem | M49: =SUM(J49*D49) -> 0 | Q49: =SUM(N49*D49) -> 0
A50: 1 | B50: 460 010024 | C50: Vytyčení trati kabel.ved.v zast.prostoru | D50: 0.9 | E50: km | F50: =L50+P50 -> 0 | G50: =D50*F50 -> 0 | K50: =$K$1 -> 1.19 | L50: =K50*J50 -> 0 | M50: =SUM(J50*D50) -> 0 | O50: =$O$1 -> 1.19 | P50: =O50*N50 -> 0 | Q50: =SUM(N50*D50) -> 0
A51: 2 | B51: 460 080001 | C51: Betonový základ do rostlé zeminy bez bednění | D51: 4.1 | E51: m3 | F51: =L51+P51 -> 0 | G51: =D51*F51 -> 0 | K51: =$K$1 -> 1.19 | L51: =K51*J51 -> 0 | M51: =SUM(J51*D51) -> 0 | O51: =$O$1 -> 1.19 | P51: =O51*N51 -> 0 | Q51: =SUM(N51*D51) -> 0
A52: 3 | B52: 460 120061 | C52: Odvoz zeminy | D52: 42.8 | E52: m3 | F52: =L52+P52 -> 0 | G52: =D52*F52 -> 0 | K52: =$K$1 -> 1.19 | L52: =K52*J52 -> 0 | M52: =SUM(J52*D52) -> 0 | O52: =$O$1 -> 1.19 | P52: =O52*N52 -> 0 | Q52: =SUM(N52*D52) -> 0
A53: 4 | B53: 460 120082 | C53: Skladování zeminy do 14 dnů | D53: 42.8 | E53: m3 | F53: =L53+P53 -> 0 | G53: =D53*F53 -> 0 | K53: =$K$1 -> 1.19 | L53: =K53*J53 -> 0 | M53: =SUM(J53*D53) -> 0 | O53: =$O$1 -> 1.19 | P53: =O53*N53 -> 0 | Q53: =SUM(N53*D53) -> 0
A54: 5 | B54: 460 300006 | C54: Hutnění zeminy,vrstva zeminy do 20 cm | D54: 42.8 | E54: m3 | F54: =L54+P54 -> 0 | G54: =D54*F54 -> 0 | K54: =$K$1 -> 1.19 | L54: =K54*J54 -> 0 | M54: =SUM(J54*D54) -> 0 | O54: =$O$1 -> 1.19 | P54: =O54*N54 -> 0 | Q54: =SUM(N54*D54) -> 0
A55: 6 | B55: 460 200164 | C55: Hloubení kabelové rýhy 35cm šir.,80cm hlub.,zem.tř.4 | D55: 476 | E55: m | F55: =L55+P55 -> 0 | G55: =D55*F55 -> 0 | K55: =$K$1 -> 1.19 | L55: =K55*J55 -> 0 | M55: =SUM(J55*D55) -> 0 | O55: =$O$1 -> 1.19 | P55: =O55*N55 -> 0 | Q55: =SUM(N55*D55) -> 0
A56: 8 | B56: 460 420372 | C56: Zř.kab.lože,kop.pís.,tl.zás.vrst.10cm,cih.napříč,š.35cm | D56: 476 | E56: m | F56: =L56+P56 -> 0 | G56: =D56*F56 -> 0 | K56: =$K$1 -> 1.19 | L56: =K56*J56 -> 0 | M56: =SUM(J56*D56) -> 0 | O56: =$O$1 -> 1.19 | P56: =O56*N56 -> 0 | Q56: =SUM(N56*D56) -> 0
A57: 9 | B57: 460 420501 | C57: Křižovatka se silovým kabelem | D57: 9 | E57: ks | F57: =L57+P57 -> 297.5 | G57: =D57*F57 -> 2677.5 | J57: 250 | K57: =$K$1 -> 1.19 | L57: =K57*J57 -> 297.5 | M57: =SUM(J57*D57) -> 2250 | O57: =$O$1 -> 1.19 | P57: =O57*N57 -> 0 | Q57: =SUM(N57*D57) -> 0
A58: 10 | B58: 460 490012 | C58: Krytí kab.fólie výstražné z PVC, šířka 33 cm | D58: 476 | E58: m | F58: =L58+P58 -> 3.808 | G58: =D58*F58 -> 1812.608 | K58: =$K$1 -> 1.19 | L58: =K58*J58 -> 0 | M58: =SUM(J58*D58) -> 0 | N58: 3.2 | O58: =$O$1 -> 1.19 | P58: =O58*N58 -> 3.808 | Q58: =SUM(N58*D58) -> 1523.2
A59: 11 | B59: 220 060391 | C59: Zaslepení neobsazeného otvoru kabelovodu | D59: 32 | E59: ks | F59: =L59+P59 -> 392.7 | G59: =D59*F59 -> 12566.4 | K59: =$K$1 -> 1.19 | L59: =K59*J59 -> 0 | M59: =SUM(J59*D59) -> 0 | N59: 330 | O59: =$O$1 -> 1.19 | P59: =O59*N59 -> 392.7 | Q59: =SUM(N59*D59) -> 10560
A60: 12 | B60: 220 060411 | C60: Tlakové utěsnění konce- kabelovod z plastu | D60: 32 | E60: ks | F60: =L60+P60 -> 357 | G60: =D60*F60 -> 11424 | K60: =$K$1 -> 1.19 | L60: =K60*J60 -> 0 | M60: =SUM(J60*D60) -> 0 | N60: 300 | O60: =$O$1 -> 1.19 | P60: =O60*N60 -> 357 | Q60: =SUM(N60*D60) -> 9600
A61: 13 | B61: 460 560164 | C61: Ruční zához kab.rýhy,šíř.35cm,hloub.80cm,zemina třídy 4 | D61: 476 | E61: m | F61: =L61+P61 -> 0 | G61: =D61*F61 -> 0 | K61: =$K$1 -> 1.19 | L61: =K61*J61 -> 0 | M61: =SUM(J61*D61) -> 0 | O61: =$O$1 -> 1.19 | P61: =O61*N61 -> 0 | Q61: =SUM(N61*D61) -> 0
A62: 15 | B62: 460 620014 | C62: Provizorní úprava terénu v přírodní zemině, zem.třídy 4 | D62: 558 | E62: m2 | F62: =L62+P62 -> 0 | G62: =D62*F62 -> 0 | K62: =$K$1 -> 1.19 | L62: =K62*J62 -> 0 | M62: =SUM(J62*D62) -> 0 | O62: =$O$1 -> 1.19 | P62: =O62*N62 -> 0 | Q62: =SUM(N62*D62) -> 0
A63: 16 | B63: 460 200534 | C63: Hloubení kabelové rýhy 60cm šir.,120cm hlub.,zem.tř.4 | D63: 82 | E63: m | F63: =L63+P63 -> 0 | G63: =D63*F63 -> 0 | K63: =$K$1 -> 1.19 | L63: =K63*J63 -> 0 | M63: =SUM(J63*D63) -> 0 | O63: =$O$1 -> 1.19 | P63: =O63*N63 -> 0 | Q63: =SUM(N63*D63) -> 0
A64: 17 | B64: 460 560534 | C64: Ruční zához kab.rýhy,šíř.60cm,hloub.120cm,zem.třídy 4 | D64: 82 | E64: m | F64: =L64+P64 -> 0 | G64: =D64*F64 -> 0 | K64: =$K$1 -> 1.19 | L64: =K64*J64 -> 0 | M64: =SUM(J64*D64) -> 0 | O64: =$O$1 -> 1.19 | P64: =O64*N64 -> 0 | Q64: =SUM(N64*D64) -> 0
A65: 18 | B65: 460 510021 | C65: Kabelový prostup z KOPOFLEX rour, světlost do 150mm | D65: 328 | E65: m | F65: =L65+P65 -> 90.44 | G65: =D65*F65 -> 29664.32 | J65: 41 | K65: =$K$1 -> 1.19 | L65: =K65*J65 -> 48.79 | M65: =SUM(J65*D65) -> 13448 | N65: 35 | O65: =$O$1 -> 1.19 | P65: =O65*N65 -> 41.65 | Q65: =SUM(N65*D65) -> 11480
C66: Celkem | G66: =SUM(G50:G65) -> 58144.828 | M66: =SUM(J66*D66) -> 0 | Q66: =SUM(N66*D66) -> 0
M67: =SUM(J67*D67) -> 0 | Q67: =SUM(N67*D67) -> 0
C68: Rozvod univ.kabelové sítě - montáž | M68: =SUM(J68*D68) -> 0 | Q68: =SUM(N68*D68) -> 0
A69: No. | B69: Číslo položky | C69: Popis položky | E69: Počet | F69: Jedn. cena | G69: Celkem | M69: =SUM(J69*D69) -> 0 | Q69: =SUM(N69*D69) -> 0
A70: 1 | C70: Montáž 19" panelu do 24 portů RJ 45 - nestín. | D70: 5 | E70: ks | F70: =L70+P70 -> 1612.45 | G70: =D70*F70 -> 8062.25 | M70: =SUM(J70*D70) -> 0 | N70: 1355 | O70: =$O$1 -> 1.19 | P70: =O70*N70 -> 1612.45 | Q70: =SUM(N70*D70) -> 6775
A71: 2 | C71: Montáž 19" panelu do 48 portů RJ 45 - nestín. | D71: 1 | E71: ks | F71: =L71+P71 -> 3224.9 | G71: =D71*F71 -> 3224.9 | M71: =SUM(J71*D71) -> 0 | N71: 2710 | O71: =$O$1 -> 1.19 | P71: =O71*N71 -> 3224.9 | Q71: =SUM(N71*D71) -> 2710
A72: 3 | C72: Montáž 19" pomocného panelu do 4U | D72: 8 | E72: ks | F72: =L72+P72 -> 297.5 | G72: =D72*F72 -> 2380 | M72: =SUM(J72*D72) -> 0 | N72: 250 | O72: =$O$1 -> 1.19 | P72: =O72*N72 -> 297.5 | Q72: =SUM(N72*D72) -> 2000
A73: 4 | C73: Uložení kabelu 5.-6.kat. nestín. do trubky, žlabu, na rošt | D73: 4875 | E73: m | F73: =L73+P73 -> 21.42 | G73: =D73*F73 -> 104422.5 | I73: =1000*F73 -> 21420 | M73: =SUM(J73*D73) -> 0 | N73: 18 | O73: =$O$1 -> 1.19 | P73: =O73*N73 -> 21.42 | Q73: =SUM(N73*D73) -> 87750
A74: 5 | C74: Ukončení - forma na kabelu 5.-6.kat. nestín. | D74: 150 | E74: ks | F74: =L74+P74 -> 57.12 | G74: =D74*F74 -> 8568 | M74: =SUM(J74*D74) -> 0 | N74: 48 | O74: =$O$1 -> 1.19 | P74: =O74*N74 -> 57.12 | Q74: =SUM(N74*D74) -> 7200
A75: 6 | C75: Měření 1 segmentu kabelu 5.-6.kat. nestín. | D75: 75 | E75: ks | F75: =L75+P75 -> 41.65 | G75: =D75*F75 -> 3123.75 | M75: =SUM(J75*D75) -> 0 | N75: 35 | O75: =$O$1 -> 1.19 | P75: =O75*N75 -> 41.65 | Q75: =SUM(N75*D75) -> 2625
A76: 7 | C76: Sestavení a montáž zásuvky do 2 modulů RJ 45 | D76: 33 | E76: ks | F76: =L76+P76 -> 157.08 | G76: =D76*F76 -> 5183.64 | M76: =SUM(J76*D76) -> 0 | N76: 132 | O76: =$O$1 -> 1.19 | P76: =O76*N76 -> 157.08 | Q76: =SUM(N76*D76) -> 4356
A77: 8 | C77: Montáž modulu zásuvky RJ 45 - nestín. | D77: 66 | E77: ks | F77: =L77+P77 -> 67.83 | G77: =D77*F77 -> 4476.78 | M77: =SUM(J77*D77) -> 0 | N77: 57 | O77: =$O$1 -> 1.19 | P77: =O77*N77 -> 67.83 | Q77: =SUM(N77*D77) -> 3762
A78: 9 | C78: Údaj do měř. protokolu pro 1 segment sítě 5.-6. kat. nestín. | D78: 75 | E78: ks | F78: =L78+P78 -> 34.51 | G78: =D78*F78 -> 2588.25 | M78: =SUM(J78*D78) -> 0 | N78: 29 | O78: =$O$1 -> 1.19 | P78: =O78*N78 -> 34.51 | Q78: =SUM(N78*D78) -> 2175
A79: 10 | C79: Kompletace a vyhotovení měřícího protokolu | D79: 8 | E79: hod | F79: =L79+P79 -> 654.5 | G79: =D79*F79 -> 5236 | M79: =SUM(J79*D79) -> 0 | N79: 550 | O79: =$O$1 -> 1.19 | P79: =O79*N79 -> 654.5 | Q79: =SUM(N79*D79) -> 4400
A80: 11 | B80: PC0066660 | C80: Montáž stojanové 19" skříně (RACKu) nad 40U | D80: 1 | E80: ks | F80: =L80+P80 -> 2213.4 | G80: =D80*F80 -> 2213.4 | M80: =SUM(J80*D80) -> 0 | N80: 1860 | O80: =$O$1 -> 1.19 | P80: =O80*N80 -> 2213.4 | Q80: =SUM(N80*D80) -> 1860
A81: 12 | C81: Montáž 19" police pro nestandardní komponenty | D81: 8 | E81: ks | F81: =L81+P81 -> 238 | G81: =D81*F81 -> 1904 | M81: =SUM(J81*D81) -> 0 | N81: 200 | O81: =$O$1 -> 1.19 | P81: =O81*N81 -> 238 | Q81: =SUM(N81*D81) -> 1600
A82: 13 | B82: PC0066600 | C82: Montáž kompletního panelu přívodu NN | D82: 3 | E82: ks | F82: =L82+P82 -> 178.5 | G82: =D82*F82 -> 535.5 | M82: =SUM(J82*D82) -> 0 | N82: 150 | O82: =$O$1 -> 1.19 | P82: =O82*N82 -> 178.5 | Q82: =SUM(N82*D82) -> 450
A83: 14 | B83: PC0066610 | C83: Montáž ventilační jednotky do RACKu | D83: 2 | E83: ks | F83: =L83+P83 -> 238 | G83: =D83*F83 -> 476 | M83: =SUM(J83*D83) -> 0 | N83: 200 | O83: =$O$1 -> 1.19 | P83: =O83*N83 -> 238 | Q83: =SUM(N83*D83) -> 400
A84: 15 | B84: 220 110643 | C84: Závěrečné práce ve skříni RACK | D84: 2 | E84: ks | F84: =L84+P84 -> 416.5 | G84: =D84*F84 -> 833 | M84: =SUM(J84*D84) -> 0 | N84: 350 | O84: =$O$1 -> 1.19 | P84: =O84*N84 -> 416.5 | Q84: =SUM(N84*D84) -> 700
A85: 16 | B85: 220 111761 | C85: Svorka uzemňovací (mont. vč. materiálu) | D85: 2 | E85: ks | F85: =L85+P85 -> 59.5 | G85: =D85*F85 -> 119 | M85: =SUM(J85*D85) -> 0 | N85: 50 | O85: =$O$1 -> 1.19 | P85: =O85*N85 -> 59.5 | Q85: =SUM(N85*D85) -> 100
A86: 17 | B86: 220 111765 | C86: Změření zemního odporu | D86: 2 | E86: ks | F86: =L86+P86 -> 34.51 | G86: =D86*F86 -> 69.02 | M86: =SUM(J86*D86) -> 0 | N86: 29 | O86: =$O$1 -> 1.19 | P86: =O86*N86 -> 34.51 | Q86: =SUM(N86*D86) -> 58
A87: 18 | B87: KEV.000.8730 | C87: CY 4 H | D87: 80 | E87: m | F87: =L87+P87 -> 7.14 | G87: =D87*F87 -> 571.2 | M87: =SUM(J87*D87) -> 0 | N87: 6 | O87: =$O$1 -> 1.19 | P87: =O87*N87 -> 7.14 | Q87: =SUM(N87*D87) -> 480
A88: 19 | B88: 220 111876 | C88: Uzem.rozvaděče (mont. vč. materiálu) | D88: 2 | E88: ks | F88: =L88+P88 -> 80.92 | G88: =D88*F88 -> 161.84 | M88: =SUM(J88*D88) -> 0 | N88: 68 | O88: =$O$1 -> 1.19 | P88: =O88*N88 -> 80.92 | Q88: =SUM(N88*D88) -> 136
A89: 20 | B89: 220 270324 | C89: Vodič v trubkovodu CY 4 | D89: 80 | E89: m | F89: =L89+P89 -> 16.66 | G89: =D89*F89 -> 1332.8 | M89: =SUM(J89*D89) -> 0 | N89: 14 | O89: =$O$1 -> 1.19 | P89: =O89*N89 -> 16.66 | Q89: =SUM(N89*D89) -> 1120
A90: 21 | C90: Pomocné montážní práce | D90: 12 | E90: hod | F90: =L90+P90 -> 416.5 | G90: =D90*F90 -> 4998 | M90: =SUM(J90*D90) -> 0 | N90: 350 | O90: =$O$1 -> 1.19 | P90: =O90*N90 -> 416.5 | Q90: =SUM(N90*D90) -> 4200
A91: 22 | C91: Nezměřitelné pracovní výkony | D91: 12 | E91: hod | F91: =L91+P91 -> 416.5 | G91: =D91*F91 -> 4998 | M91: =SUM(J91*D91) -> 0 | N91: 350 | O91: =$O$1 -> 1.19 | P91: =O91*N91 -> 416.5 | Q91: =SUM(N91*D91) -> 4200
A92: 23 | B92: 220 061805 | C92: Zatažení svetlovod.kabelu 2-8vl. ručně - vlákna MM | D92: 112 | E92: m | F92: =L92+P92 -> 21.42 | G92: =D92*F92 -> 2399.04 | M92: =SUM(J92*D92) -> 0 | N92: 18 | O92: =$O$1 -> 1.19 | P92: =O92*N92 -> 21.42 | Q92: =SUM(N92*D92) -> 2016
A93: 24 | B93: 220 061831 | C93: Svaření 1 vl. svetlovod.kabelu - vlákna MM | D93: 32 | E93: ks | F93: =L93+P93 -> 184.45 | G93: =D93*F93 -> 5902.4 | M93: =SUM(J93*D93) -> 0 | N93: 155 | O93: =$O$1 -> 1.19 | P93: =O93*N93 -> 184.45 | Q93: =SUM(N93*D93) -> 4960
A94: 25 | B94: 220 061835 | C94: Příprava svetlovod.kab. k ukonč., spojk. 2-8vl. - vlákna MM | D94: 4 | E94: ks | F94: =L94+P94 -> 17.85 | G94: =D94*F94 -> 71.4 | M94: =SUM(J94*D94) -> 0 | N94: 15 | O94: =$O$1 -> 1.19 | P94: =O94*N94 -> 17.85 | Q94: =SUM(N94*D94) -> 60
A95: 26 | B95: 220 061845 | C95: Uložení konce (spoj) svetlovod kab. 2-8vl. v kab. rozv. - vlákna MM | D95: 4 | E95: ks | F95: =L95+P95 -> 190.4 | G95: =D95*F95 -> 761.6 | M95: =SUM(J95*D95) -> 0 | N95: 160 | O95: =$O$1 -> 1.19 | P95: =O95*N95 -> 190.4 | Q95: =SUM(N95*D95) -> 640
A96: 27 | B96: 220 061910 | C96: Montáž panelu 19" pro ukončení opt.kab. do 24 portů prázdný | D96: 4 | E96: ks | F96: =L96+P96 -> 113.05 | G96: =D96*F96 -> 452.2 | M96: =SUM(J96*D96) -> 0 | N96: 95 | O96: =$O$1 -> 1.19 | P96: =O96*N96 -> 113.05 | Q96: =SUM(N96*D96) -> 380
A97: 28 | B97: 220 062330 | C97: Montáž adaptéru dvojitého (MT-RJ, SC, ST) pro vlákna MM | D97: 16 | E97: ks | F97: =L97+P97 -> 53.55 | G97: =D97*F97 -> 856.8 | M97: =SUM(J97*D97) -> 0 | N97: 45 | O97: =$O$1 -> 1.19 | P97: =O97*N97 -> 53.55 | Q97: =SUM(N97*D97) -> 720
A98: 29 | B98: 220 062370 | C98: Montáž pigtailu pro vlákna MM | D98: 32 | E98: ks | F98: =L98+P98 -> 47.6 | G98: =D98*F98 -> 1523.2 | M98: =SUM(J98*D98) -> 0 | N98: 40 | O98: =$O$1 -> 1.19 | P98: =O98*N98 -> 47.6 | Q98: =SUM(N98*D98) -> 1280
A99: 30 | B99: 220 062450 | C99: Montáž kazety pro sváry na kabelu - vlákna MM | D99: 4 | E99: ks | F99: =L99+P99 -> 142.8 | G99: =D99*F99 -> 571.2 | M99: =SUM(J99*D99) -> 0 | N99: 120 | O99: =$O$1 -> 1.19 | P99: =O99*N99 -> 142.8 | Q99: =SUM(N99*D99) -> 480
A100: 31 | B100: 220 062470 | C100: Ochrana sváru vlákna MM | D100: 32 | E100: ks | F100: =L100+P100 -> 32.13 | G100: =D100*F100 -> 1028.16 | M100: =SUM(J100*D100) -> 0 | N100: 27 | O100: =$O$1 -> 1.19 | P100: =O100*N100 -> 32.13 | Q100: =SUM(N100*D100) -> 864
...
