Workbook

Sheet Rekapitulace
A1: Název | B1: Hodnota A | C1: Hodnota B
A2: Základní náklady
A3: Dodávka | B3: =0 -> 0
A4: Doprava 0,00%, Přesun 1,00% | B4: =B3 * Parametry!B16 / 100 -> 0 | C4: =B3 * Parametry!B17 / 100 -> 0
A5: Montáž - materiál | C5: =(Rozpočet!F105) + 0 -> 0
A6: Montáž - práce | C6: =0 + (Rozpočet!H105) + 0 -> 0
A7: Mezisoučet 1 | B7: =B3 + B4 -> 0 | C7: =C3 + C4 + C5 + C6 -> 0
A8: PPV 1,00% z montáže: materiál + práce | C8: =(C5 + C6) * Parametry!B18 / 100 -> 0
A9: Nátěry | C9: =0 + 0 -> 0
A10: Zemní práce | C10: =(Rozpočet!F145) + (Rozpočet!H145) -> 0
A11: PPV 0,00% z nátěrů a zemních prací | C11: =(C9 + C10) * Parametry!B19 / 100 -> 0
A12: Mezisoučet 2 | B12: =B7 -> 0 | C12: =C7 + C8 + C9 + C10 + C11 -> 0
A13: Dodav. dokumentace 0,00% z mezisoučtu 2 | C13: =(B12 + C12) * Parametry!B20 / 100 -> 0
A14: Rizika a pojištění 0,00% z mezisoučtu 2 | C14: =(B12 + C12) * Parametry!B21 / 100 -> 0
A15: Opravy v záruce 0,00% z mezisoučtu 1 | C15: =(B7 + C7) * Parametry!B22 / 100 -> 0
A16: Základní náklady celkem | C16: =B12 + C12 + C13 + C14 + C15 -> 0
A18: Vedlejší náklady
A19: GZS 3,25% z pravé strany mezisoučtu 2 | C19: =C12 * Parametry!B23 / 100 -> 0
A20: Provozní vlivy 0,00% z pravé strany mezisoučtu 2 | C20: =C12 * Parametry!B24 / 100 -> 0
A21: Vedlejší náklady celkem | C21: =C19 + C20 -> 0
A22: Kompletační činnost | C22: =Parametry!B25 * Parametry!B28 * (C16 * Parametry!B27)^Parametry!B26 -> 0
A24: Náklady celkem bez DPH | C24: =C16 + C21 + C22 -> 0
A26: Součty odstavců | B26: Materiál | C26: Montáž
A27: Elektromontáže | B27: =(Rozpočet!F105) -> 0 | C27: =(Rozpočet!H105) -> 0
A28: D.2.5.1 - SO31 Areálové rozvody NN a VO | B28: =(Rozpočet!F102) -> 0 | C28: =(Rozpočet!H102) -> 0
A29: Svítidla | B29: =(Rozpočet!F12) -> 0 | C29: =(Rozpočet!H12) -> 0
A30: Sloupy VO | B30: =(Rozpočet!F23) -> 0 | C30: =(Rozpočet!H23) -> 0
A31: Kabely | B31: =(Rozpočet!F35) -> 0 | C31: =(Rozpočet!H35) -> 0
A32: Kabelové trasy, nosné konstrukce | B32: =(Rozpočet!F43) -> 0 | C32: =(Rozpočet!H43) -> 0
A33: Ukončení vodičů | B33: =(Rozpočet!F60) -> 0 | C33: =(Rozpočet!H60) -> 0
A34: Uzemnění | B34: =(Rozpočet!F80) -> 0 | C34: =(Rozpočet!H80) -> 0
A35: Ostatní | B35: =(Rozpočet!F93) -> 0 | C35: =(Rozpočet!H93) -> 0
A36: Revize | B36: =(Rozpočet!F100) -> 0 | C36: =(Rozpočet!H100) -> 0
A37: Zemní práce | B37: =(Rozpočet!F145) -> 0 | C37: =(Rozpočet!H145) -> 0

Sheet Rozpočet
B1: Název | C1: Mj | D1: Počet | E1: Materiál | F1: Materiál celkem | G1: Montáž | H1: Montáž celkem | I1: Cena | J1: Cena celkem | M1: =Parametry!B33/100*F9+Parametry!B33/100*F10+Parametry!B33/100*F17+Parametry!B33/100*F19+Parametry!B33/100*F21+Parametry!B33/100*F28+Parametry!B33/100*F30+Parametry!B33/100*F31+Parametry!B33/100*F32+Parametry!B33/100*F33+Parametry!B33/100*F39+Parametry!B33/100*F40+Parametry!B33/100*F41+Parametry!B33/100*F49+Parametry!B33/100*F50+Parametry!B33/100*F51+Parametry!B33/100*F53+Parametry!B33/100*F54+Parametry!B33/100*F55+Parametry!B33/100*F56+Parametry!B33/100*F57+Parametry!B33/100*F58+Parametry!B34/100*F66 -> 0
I2: =E2+G2 -> 0 | J2: =F2+H2 -> 0
B3: Elektromontáže
I4: =E4+G4 -> 0 | J4: =F4+H4 -> 0
B5: D.2.5.1 - SO31 Areálové rozvody NN a VO
I6: =E6+G6 -> 0 | J6: =F6+H6 -> 0
B7: Svítidla - jen montáž
I8: =E8+G8 -> 0 | J8: =F8+H8 -> 0
B9: CHA1 (X1) -THOME Lighting s.r.o. MOD0007_280W_840_60° MODY 42000lm 280W IP66 4K 60° | C9: ks | D9: 6 | F9: =D9*E9 -> 0 | H9: =D9*G9 -> 0 | I9: =E9+G9 -> 0 | J9: =F9+H9 -> 0
B10: SL002 Poplatek za recyklaci svítidla | C10: ks | D10: 6 | F10: =D10*E10 -> 0 | H10: =D10*G10 -> 0 | I10: =E10+G10 -> 0 | J10: =F10+H10 -> 0
I11: =E11+G11 -> 0 | J11: =F11+H11 -> 0
B12: Svítidla - celkem | F12: =SUM(F8:F11) -> 0 | H12: =SUM(H8:H11) -> 0 | J12: =SUM(J8:J11) -> 0
I13: =E13+G13 -> 0 | J13: =F13+H13 -> 0
B14: Sloupy VO
I15: =E15+G15 -> 0 | J15: =F15+H15 -> 0
B16: OSVĚTLOVACÍ STOŽÁR BEZPATICOVÝ
B17: JBUD14 14m, stožár silniční, bezpaticový, s přírubou | C17: ks | D17: 3 | F17: =D17*E17 -> 0 | H17: =D17*G17 -> 0 | I17: =E17+G17 -> 0 | J17: =F17+H17 -> 0
B18: VÝLOŽNÍK
B19: Držák reflektorů, typ TR2-1500-PL (AMAKO) pro dva reflektory | C19: ks | D19: 3 | F19: =D19*E19 -> 0 | H19: =D19*G19 -> 0 | I19: =E19+G19 -> 0 | J19: =F19+H19 -> 0
B20: STOŽÁROVÁ VÝZBROJ
B21: EKM 2035 2xE27, 2x Svorkovnice 4x16 | C21: ks | D21: 3 | F21: =D21*E21 -> 0 | H21: =D21*G21 -> 0 | I21: =E21+G21 -> 0 | J21: =F21+H21 -> 0
I22: =E22+G22 -> 0 | J22: =F22+H22 -> 0
B23: Sloupy VO - celkem | F23: =SUM(F15:F22) -> 0 | H23: =SUM(H15:H22) -> 0 | J23: =SUM(J15:J22) -> 0
I24: =E24+G24 -> 0 | J24: =F24+H24 -> 0
B25: Kabely
I26: =E26+G26 -> 0 | J26: =F26+H26 -> 0
B27: KABEL SILOVÝ,IZOLACE PVC,1kV
B28: AYKY-J 3x120+70 | C28: m | D28: 400 | F28: =D28*E28 -> 0 | H28: =D28*G28 -> 0 | I28: =E28+G28 -> 0 | J28: =F28+H28 -> 0
B29: KABEL SILOVÝ,IZOLACE PVC
B30: CYKY-J 3x1.5 | C30: m | D30: 180 | F30: =D30*E30 -> 0 | H30: =D30*G30 -> 0 | I30: =E30+G30 -> 0 | J30: =F30+H30 -> 0
B31: CYKY-J 4x10 | C31: m | D31: 550 | F31: =D31*E31 -> 0 | H31: =D31*G31 -> 0 | I31: =E31+G31 -> 0 | J31: =F31+H31 -> 0
B32: CYKY-J 5x10 | C32: m | D32: 110 | F32: =D32*E32 -> 0 | H32: =D32*G32 -> 0 | I32: =E32+G32 -> 0 | J32: =F32+H32 -> 0
B33: CYKY-J 3x4 | C33: m | D33: 150 | F33: =D33*E33 -> 0 | H33: =D33*G33 -> 0 | I33: =E33+G33 -> 0 | J33: =F33+H33 -> 0
I34: =E34+G34 -> 0 | J34: =F34+H34 -> 0
B35: Kabely - celkem | F35: =SUM(F26:F34) -> 0 | H35: =SUM(H26:H34) -> 0 | J35: =SUM(J26:J34) -> 0
I36: =E36+G36 -> 0 | J36: =F36+H36 -> 0
B37: Kabelové trasy, nosné konstrukce
I38: =E38+G38 -> 0 | J38: =F38+H38 -> 0
B39: KF 09110 TRUBKA KOPOFLEX 110 | C39: m | D39: 20 | F39: =D39*E39 -> 0 | H39: =D39*G39 -> 0 | I39: =E39+G39 -> 0 | J39: =F39+H39 -> 0
B40: KF 09160 TRUBKA KOPOFLEX 160 | C40: m | D40: 90 | F40: =D40*E40 -> 0 | H40: =D40*G40 -> 0 | I40: =E40+G40 -> 0 | J40: =F40+H40 -> 0
B41: Zatažení kabelu do trubky do váhy do 9 kg/m | C41: m | D41: 110 | F41: =D41*E41 -> 0 | H41: =D41*G41 -> 0 | I41: =E41+G41 -> 0 | J41: =F41+H41 -> 0
I42: =E42+G42 -> 0 | J42: =F42+H42 -> 0
B43: Kabelové trasy, nosné konstrukce - celkem | F43: =SUM(F38:F42) -> 0 | H43: =SUM(H38:H42) -> 0 | J43: =SUM(J38:J42) -> 0
I44: =E44+G44 -> 0 | J44: =F44+H44 -> 0
B45: Ukončení vodičů
I46: =E46+G46 -> 0 | J46: =F46+H46 -> 0
B47: UKONČENÍ KABELŮ SMRŠŤOVACÍ
B48: ZÁKLOPKOU DO
B49: 5x6 mm2 | C49: ks | D49: 6 | F49: =D49*E49 -> 0 | H49: =D49*G49 -> 0 | I49: =E49+G49 -> 0 | J49: =F49+H49 -> 0
B50: 4x10 mm2 | C50: ks | D50: 20 | F50: =D50*E50 -> 0 | H50: =D50*G50 -> 0 | I50: =E50+G50 -> 0 | J50: =F50+H50 -> 0
B51: 4x120 mm2 | C51: ks | D51: 4 | F51: =D51*E51 -> 0 | H51: =D51*G51 -> 0 | I51: =E51+G51 -> 0 | J51: =F51+H51 -> 0
B52: UKONČENÍ VODIČŮ V ROZVADĚČÍCH
B53: Do 2,5 mm2 | C53: ks | D53: 120 | F53: =D53*E53 -> 0 | H53: =D53*G53 -> 0 | I53: =E53+G53 -> 0 | J53: =F53+H53 -> 0
B54: Do 4 mm2 | C54: ks | D54: 80 | F54: =D54*E54 -> 0 | H54: =D54*G54 -> 0 | I54: =E54+G54 -> 0 | J54: =F54+H54 -> 0
B55: Do 10 mm2 | C55: ks | D55: 80 | F55: =D55*E55 -> 0 | H55: =D55*G55 -> 0 | I55: =E55+G55 -> 0 | J55: =F55+H55 -> 0
B56: Do 16 mm2 | C56: ks | D56: 8 | F56: =D56*E56 -> 0 | H56: =D56*G56 -> 0 | I56: =E56+G56 -> 0 | J56: =F56+H56 -> 0
B57: Do 70 mm2 | C57: ks | D57: 4 | F57: =D57*E57 -> 0 | H57: =D57*G57 -> 0 | I57: =E57+G57 -> 0 | J57: =F57+H57 -> 0
B58: Do 120 mm2 | C58: ks | D58: 12 | F58: =D58*E58 -> 0 | H58: =D58*G58 -> 0 | I58: =E58+G58 -> 0 | J58: =F58+H58 -> 0
I59: =E59+G59 -> 0 | J59: =F59+H59 -> 0
B60: Ukončení vodičů - celkem | F60: =SUM(F46:F59) -> 0 | H60: =SUM(H46:H59) -> 0 | J60: =SUM(J46:J59) -> 0
I61: =E61+G61 -> 0 | J61: =F61+H61 -> 0
B62: Uzemnění
I63: =E63+G63 -> 0 | J63: =F63+H63 -> 0
B64: ZINKOVANÉ PROVEDENÍ
B65: OCELOVÝ DRÁT POZINKOVANÝ
B66: Drát 10 drát o 10mm(0,62kg/m) | C66: m | D66: 50 | F66: =D66*E66 -> 0 | H66: =D66*G66 -> 0 | I66: =E66+G66 -> 0 | J66: =F66+H66 -> 0
B67: OCELOVÝ PÁSEK POZINKOVANÝ
B68: Páska 30x4 páska 30x4 (0,95 kg/m) | C68: m | D68: 650 | F68: =D68*E68 -> 0 | H68: =D68*G68 -> 0 | I68: =E68+G68 -> 0 | J68: =F68+H68 -> 0
B69: OCELOVÝ DRÁT POZINKOVANÝ
B70: Nátěr svodového vodiče, asfalt | C70: m | D70: 40 | F70: =D70*E70 -> 0 | H70: =D70*G70 -> 0 | I70: =E70+G70 -> 0 | J70: =F70+H70 -> 0
B71: SVORKA HROMOSVODNÍ,UZEMŇOVACÍ
B72: SS spojovací | C72: ks | D72: 60 | F72: =D72*E72 -> 0 | H72: =D72*G72 -> 0 | I72: =E72+G72 -> 0 | J72: =F72+H72 -> 0
B73: SP připojovací | C73: ks | D73: 7 | F73: =D73*E73 -> 0 | H73: =D73*G73 -> 0 | I73: =E73+G73 -> 0 | J73: =F73+H73 -> 0
B74: Štítek uzemnění | C74: ks | D74: 6 | F74: =D74*E74 -> 0 | H74: =D74*G74 -> 0 | I74: =E74+G74 -> 0 | J74: =F74+H74 -> 0
B75: MONTÁŽNÍ PRÁCE
B76: tvarování mont.dílu | C76: ks | D76: 120 | F76: =D76*E76 -> 0 | H76: =D76*G76 -> 0 | I76: =E76+G76 -> 0 | J76: =F76+H76 -> 0
B77: Měření zemních odporů, zemnící sítě délky pásu
B78: přes 500 do 1000m | C78: ks | D78: 1 | F78: =D78*E78 -> 0 | H78: =D78*G78 -> 0 | I78: =E78+G78 -> 0 | J78: =F78+H78 -> 0
I79: =E79+G79 -> 0 | J79: =F79+H79 -> 0
B80: Uzemnění - celkem | F80: =SUM(F63:F79) -> 0 | H80: =SUM(H63:H79) -> 0 | J80: =SUM(J63:J79) -> 0
I81: =E81+G81 -> 0 | J81: =F81+H81 -> 0
B82: Ostatní
I83: =E83+G83 -> 0 | J83: =F83+H83 -> 0
B84: Vytýčení trati, Venkovní vedení nn v přehledném terénu | C84: km | D84: 0.5 | F84: =D84*E84 -> 0 | H84: =D84*G84 -> 0 | I84: =E84+G84 -> 0 | J84: =F84+H84 -> 0
B85: Geodetická činnost | C85: tkc | D85: 15 | F85: =D85*E85 -> 0 | H85: =D85*G85 -> 0 | I85: =E85+G85 -> 0 | J85: =F85+H85 -> 0
B86: Pracovní plošina 14m, osazení stožáru - 3ks, osazení a nastavení svítidel, | C86: sada | D86: 1 | F86: =D86*E86 -> 0 | H86: =D86*G86 -> 0 | I86: =E86+G86 -> 0 | J86: =F86+H86 -> 0
B87: Cena dopravy pracovní plošiny (cena bude upřesněna montážní firmou) | C87: sada | D87: 1 | F87: =D87*E87 -> 0 | H87: =D87*G87 -> 0 | I87: =E87+G87 -> 0 | J87: =F87+H87 -> 0
B88: Nafázování NN kabelu | C88: sada | D88: 2 | F88: =D88*E88 -> 0 | H88: =D88*G88 -> 0 | I88: =E88+G88 -> 0 | J88: =F88+H88 -> 0
B89: Příprava ke komplexní zkoušce | C89: hod | D89: 6 | F89: =D89*E89 -> 0 | H89: =D89*G89 -> 0 | I89: =E89+G89 -> 0 | J89: =F89+H89 -> 0
B90: Zkušební provoz | C90: hod | D90: 6 | F90: =D90*E90 -> 0 | H90: =D90*G90 -> 0 | I90: =E90+G90 -> 0 | J90: =F90+H90 -> 0
B91: Zabezpečení pracoviště | C91: hod | D91: 12 | F91: =D91*E91 -> 0 | H91: =D91*G91 -> 0 | I91: =E91+G91 -> 0 | J91: =F91+H91 -> 0
I92: =E92+G92 -> 0 | J92: =F92+H92 -> 0
B93: Ostatní - celkem | F93: =SUM(F83:F92) -> 0 | H93: =SUM(H83:H92) -> 0 | J93: =SUM(J83:J92) -> 0
I94: =E94+G94 -> 0 | J94: =F94+H94 -> 0
B95: Revize
I96: =E96+G96 -> 0 | J96: =F96+H96 -> 0
B97: Zkoušky a prohlídky elektrických rozvodů a zařízení celková prohlídka a vyhotovení revizní zprávy pro objem montážních prací
B98: přes 100 do 500 tis.Kč | C98: ks | D98: 2 | F98: =D98*E98 -> 0 | H98: =D98*G98 -> 0 | I98: =E98+G98 -> 0 | J98: =F98+H98 -> 0
I99: =E99+G99 -> 0 | J99: =F99+H99 -> 0
B100: Revize - celkem | F100: =SUM(F96:F99) -> 0 | H100: =SUM(H96:H99) -> 0 | J100: =SUM(J96:J99) -> 0
...

Sheet Parametry
A1: Název | B1: Hodnota
A2: Nadpis rekapitulace | B2: Seznam prací a dodávek elektrotechnických zařízení
A3: Akce | B3: Prodejna pro dům a zahradu, ulice Lomská, Litvínov
A4: Projekt | B4: D.2.5-1 - SO 31 Areálové rozvody NN a VO
A5: Investor | B5: DEKINVEST, investiční fond s proměnným základním kapitálem, a.s. Tiskařská 257/10, 108 00 Praha 10
A6: Z. č. | B6: 2017-15-02
A7: A. č. | B7: 21458
A8: Smlouva
A9: Vypracoval | B9: Martin Zeman
A10: Kontroloval | B10: Martin Zeman
A11: Datum | B11: 13.12.2021
A12: Zpracovatel | B12: Martin Zeman, Zašovská 256, Valašské Meziříčí
A13: CÚ | B13: 12/2021
A14: Poznámka | B14: Uvedené ceny jsou v Kč a nezahrnují DPH, pokud to není uvedeno.
A16: Doprava dodávek (3,6) % | B16: 0,00
A17: Přesun dodávek (1) % | B17: 1,00
A18: PPV (1 nebo 6) % | B18: 1,00
A19: PPV zemních prací, nátěrů (1) % | B19: 0,00
A20: Dodavat. dokumentace (1 - 1,5) % | B20: 0,00
A21: Rizika a pojištění (1 - 1,5) % | B21: 0,00
... A32: 2. sazba DPH % | B32: 15
A33: Procento PM % 1 | B33: 5
A34: Procento PM % 2 | B34: 1
